id,shannon,evenness,site,treatment,year,CHELSA_bio10_01,prec,hli,soil_Ph,soil_Ph2,soil_ZZ,soil_P,soil_TN,soil_susina,soil_Ca,soil_K,soil_Mg,PC1,PC2,PC3,temp,cala_cover,cala_cover_rel
ADA_0_2014,1.1022095779452818,0.3975380730304939,ADA,0,0,98,535,0.607238514,7.36,8.39,4.59,27.996,1404.419,98.98,4100.5,92.78151218,158.3571717,-1.40701128736005,-0.10127527743023,0.184745269886119,9.8,0.4,2.366863905325444
ADA_0_2015,1.6572023413738686,0.5285298671433796,ADA,0,1,98,535,0.607238514,7.36,8.39,4.59,27.996,1404.419,98.98,4100.5,92.78151218,158.3571717,-1.40701128736005,-0.10127527743023,0.184745269886119,9.8,0.3,1.0600706713780919
ADA_0_2016,1.937244584660471,0.6267285596662441,ADA,0,2,98,535,0.607238514,7.36,8.39,4.59,27.996,1404.419,98.98,4100.5,92.78151218,158.3571717,-1.40701128736005,-0.10127527743023,0.184745269886119,9.8,0.35,0.5287009063444108
ADA_0_2017,1.5954460035196338,0.5161514368028929,ADA,0,3,98,535,0.607238514,7.36,8.39,4.59,27.996,1404.419,98.98,4100.5,92.78151218,158.3571717,-1.40701128736005,-0.10127527743023,0.184745269886119,9.8,0.2,0.28169014084507044
ADA_1_2014,1.2686868328384193,0.44779078691690866,ADA,1,0,98,535,0.607238514,7.36,8.39,4.59,27.996,1404.419,98.98,4100.5,92.78151218,158.3571717,-1.40701128736005,-0.10127527743023,0.184745269886119,9.8,0.35,1.541850220264317
ADA_1_2015,1.9179788751710987,0.6035073593958321,ADA,1,1,98,535,0.607238514,7.36,8.39,4.59,27.996,1404.419,98.98,4100.5,92.78151218,158.3571717,-1.40701128736005,-0.10127527743023,0.184745269886119,9.8,0.25,0.7961783439490446
ADA_1_2016,2.312161109115523,0.7183132357117865,ADA,1,2,98,535,0.607238514,7.36,8.39,4.59,27.996,1404.419,98.98,4100.5,92.78151218,158.3571717,-1.40701128736005,-0.10127527743023,0.184745269886119,9.8,0.1,0.1430615164520744
ADA_1_2017,2.2212614809735562,0.6468461728897407,ADA,1,3,98,535,0.607238514,7.36,8.39,4.59,27.996,1404.419,98.98,4100.5,92.78151218,158.3571717,-1.40701128736005,-0.10127527743023,0.184745269886119,9.8,0.05,0.07385524372230429
ADA_2_2014,1.8561760008433934,0.5840605917742343,ADA,2,0,98,535,0.607238514,7.36,8.39,4.59,27.996,1404.419,98.98,4100.5,92.78151218,158.3571717,-1.40701128736005,-0.10127527743023,0.184745269886119,9.8,0.25,0.46641791044776115
ADA_2_2015,2.101581402059107,0.6376472767012087,ADA,2,1,98,535,0.607238514,7.36,8.39,4.59,27.996,1404.419,98.98,4100.5,92.78151218,158.3571717,-1.40701128736005,-0.10127527743023,0.184745269886119,9.8,0.2,0.32733224222585927
ADA_2_2016,2.1840779521563523,0.6301916860981784,ADA,2,2,98,535,0.607238514,7.36,8.39,4.59,27.996,1404.419,98.98,4100.5,92.78151218,158.3571717,-1.40701128736005,-0.10127527743023,0.184745269886119,9.8,0.07,0.0815850815850816
ADA_2_2017,1.8337661043886875,0.5445812298576848,ADA,2,3,98,535,0.607238514,7.36,8.39,4.59,27.996,1404.419,98.98,4100.5,92.78151218,158.3571717,-1.40701128736005,-0.10127527743023,0.184745269886119,9.8,0.02,0.023557126030624265
ADA_3_2014,1.885650227407105,0.5933348923799244,ADA,3,0,98,535,0.607238514,7.36,8.39,4.59,27.996,1404.419,98.98,4100.5,92.78151218,158.3571717,-1.40701128736005,-0.10127527743023,0.184745269886119,9.8,0.3,0.7092198581560284
ADA_3_2015,2.597382642872455,0.7428505722387396,ADA,3,1,98,535,0.607238514,7.36,8.39,4.59,27.996,1404.419,98.98,4100.5,92.78151218,158.3571717,-1.40701128736005,-0.10127527743023,0.184745269886119,9.8,0.2,0.3937007874015748
ADA_3_2016,2.741322346796163,0.7773800573310783,ADA,3,2,98,535,0.607238514,7.36,8.39,4.59,27.996,1404.419,98.98,4100.5,92.78151218,158.3571717,-1.40701128736005,-0.10127527743023,0.184745269886119,9.8,0.03,0.04739336492890995
ADA_3_2017,2.7210245715036505,0.7716240448216308,ADA,3,3,98,535,0.607238514,7.36,8.39,4.59,27.996,1404.419,98.98,4100.5,92.78151218,158.3571717,-1.40701128736005,-0.10127527743023,0.184745269886119,9.8,0.005,0.010460251046025106
ADA_4_2014,1.769133235522725,0.5496121415603733,ADA,4,0,98,535,0.607238514,7.36,8.39,4.59,27.996,1404.419,98.98,4100.5,92.78151218,158.3571717,-1.40701128736005,-0.10127527743023,0.184745269886119,9.8,0.45,0.949367088607595
ADA_4_2015,2.424129939466364,0.7127283916353301,ADA,4,1,98,535,0.607238514,7.36,8.39,4.59,27.996,1404.419,98.98,4100.5,92.78151218,158.3571717,-1.40701128736005,-0.10127527743023,0.184745269886119,9.8,0.15,0.25380710659898476
ADA_4_2016,2.5538865069963115,0.7304106918405114,ADA,4,2,98,535,0.607238514,7.36,8.39,4.59,27.996,1404.419,98.98,4100.5,92.78151218,158.3571717,-1.40701128736005,-0.10127527743023,0.184745269886119,9.8,0.005,0.008116883116883118
ADA_4_2017,2.450071473015506,0.713477170158193,ADA,4,3,98,535,0.607238514,7.36,8.39,4.59,27.996,1404.419,98.98,4100.5,92.78151218,158.3571717,-1.40701128736005,-0.10127527743023,0.184745269886119,9.8,0.005,0.010869565217391304
BAR_1_2014,1.1209189055439264,0.40428603656672674,BAR,1,0,54,887,0.840412739,4.22,5.4,11.01,28.443,6918.379,98.48,463.7,85.00177449,48.73098763,1.98047028061971,-0.438961187703609,-0.0681486016344044,5.4,0.75,2.7372262773722627
BAR_1_2015,1.1274736902287026,0.3829163036511241,BAR,1,1,54,887,0.840412739,4.22,5.4,11.01,28.443,6918.379,98.48,463.7,85.00177449,48.73098763,1.98047028061971,-0.438961187703609,-0.0681486016344044,5.4,0.75,3.0737704918032787
BAR_1_2016,1.597607553997299,0.5332945030171121,BAR,1,2,54,887,0.840412739,4.22,5.4,11.01,28.443,6918.379,98.48,463.7,85.00177449,48.73098763,1.98047028061971,-0.438961187703609,-0.0681486016344044,5.4,0.6,1.5463917525773194
BAR_1_2017,1.8527043265170733,0.5993784797436771,BAR,1,3,54,887,0.840412739,4.22,5.4,11.01,28.443,6918.379,98.48,463.7,85.00177449,48.73098763,1.98047028061971,-0.438961187703609,-0.0681486016344044,5.4,0.55,0.7670850767085078
BAR_2_2014,0.9607702856359998,0.3745767076613353,BAR,2,0,54,887,0.840412739,4.22,5.4,11.01,28.443,6918.379,98.48,463.7,85.00177449,48.73098763,1.98047028061971,-0.438961187703609,-0.0681486016344044,5.4,0.85,3.359683794466403
BAR_2_2015,1.3739120086173673,0.4849306570928343,BAR,2,1,54,887,0.840412739,4.22,5.4,11.01,28.443,6918.379,98.48,463.7,85.00177449,48.73098763,1.98047028061971,-0.438961187703609,-0.0681486016344044,5.4,0.55,1.5109890109890112
BAR_2_2016,1.2308310478882394,0.42583831803841493,BAR,2,2,54,887,0.840412739,4.22,5.4,11.01,28.443,6918.379,98.48,463.7,85.00177449,48.73098763,1.98047028061971,-0.438961187703609,-0.0681486016344044,5.4,0.45,2.7607361963190185
BAR_2_2017,1.3995548835324207,0.5047827224810385,BAR,2,3,54,887,0.840412739,4.22,5.4,11.01,28.443,6918.379,98.48,463.7,85.00177449,48.73098763,1.98047028061971,-0.438961187703609,-0.0681486016344044,5.4,0.4,1.9801980198019802
BAR_3_2014,0.9285152815933917,0.3428722559188432,BAR,3,0,54,887,0.840412739,4.22,5.4,11.01,28.443,6918.379,98.48,463.7,85.00177449,48.73098763,1.98047028061971,-0.438961187703609,-0.0681486016344044,5.4,0.65,3.6111111111111107
BAR_3_2015,1.5187656992418304,0.5158081760185729,BAR,3,1,54,887,0.840412739,4.22,5.4,11.01,28.443,6918.379,98.48,463.7,85.00177449,48.73098763,1.98047028061971,-0.438961187703609,-0.0681486016344044,5.4,0.5,1.2755102040816326
BAR_3_2016,1.7988234522443114,0.5819471842872779,BAR,3,2,54,887,0.840412739,4.22,5.4,11.01,28.443,6918.379,98.48,463.7,85.00177449,48.73098763,1.98047028061971,-0.438961187703609,-0.0681486016344044,5.4,0.55,0.7925072046109511
BAR_3_2017,1.7858071798493103,0.6065016773941995,BAR,3,3,54,887,0.840412739,4.22,5.4,11.01,28.443,6918.379,98.48,463.7,85.00177449,48.73098763,1.98047028061971,-0.438961187703609,-0.0681486016344044,5.4,0.55,0.6731946144430846
BAR_4_2014,0.7826357269592965,0.2822761705266765,BAR,4,0,54,887,0.840412739,4.22,5.4,11.01,28.443,6918.379,98.48,463.7,85.00177449,48.73098763,1.98047028061971,-0.438961187703609,-0.0681486016344044,5.4,0.78,5.270270270270271
BAR_4_2015,2.2955863123518294,0.7796345343185551,BAR,4,1,54,887,0.840412739,4.22,5.4,11.01,28.443,6918.379,98.48,463.7,85.00177449,48.73098763,1.98047028061971,-0.438961187703609,-0.0681486016344044,5.4,0.08,0.5063291139240507
BAR_4_2016,2.49740342163742,0.8202939780285812,BAR,4,2,54,887,0.840412739,4.22,5.4,11.01,28.443,6918.379,98.48,463.7,85.00177449,48.73098763,1.98047028061971,-0.438961187703609,-0.0681486016344044,5.4,0.1,0.19607843137254902
BAR_4_2017,2.582542990473108,0.7926539193468429,BAR,4,3,54,887,0.840412739,4.22,5.4,11.01,28.443,6918.379,98.48,463.7,85.00177449,48.73098763,1.98047028061971,-0.438961187703609,-0.0681486016344044,5.4,0.08,0.15873015873015872
CER_1_2013,2.638305576773684,0.6890970721867653,CER,1,0,88,668,0.710859963,6.11,5.31,16.79,12.368,6330.175,94.16,5522.515,263.381,491.822,0.299917980789904,2.09418671224462,-1.02197707144694,8.8,0.3,0.29354207436399216
CER_1_2014,2.8006472943784932,0.759213557725541,CER,1,1,88,668,0.710859963,6.11,5.31,16.79,12.368,6330.175,94.16,5522.515,263.381,491.822,0.299917980789904,2.09418671224462,-1.02197707144694,8.8,0.15,0.1736111111111111
CER_1_2015,2.5106289491837495,0.7006043479333209,CER,1,2,88,668,0.710859963,6.11,5.31,16.79,12.368,6330.175,94.16,5522.515,263.381,491.822,0.299917980789904,2.09418671224462,-1.02197707144694,8.8,0.35,0.7322175732217573
CER_1_2016,2.40665253899013,0.6359756703044005,CER,1,3,88,668,0.710859963,6.11,5.31,16.79,12.368,6330.175,94.16,5522.515,263.381,491.822,0.299917980789904,2.09418671224462,-1.02197707144694,8.8,0.5,0.8223684210526316
CER_2_2013,2.7417306768744303,0.7202452763391315,CER,2,0,88,668,0.710859963,6.11,5.31,16.79,12.368,6330.175,94.16,5522.515,263.381,491.822,0.299917980789904,2.09418671224462,-1.02197707144694,8.8,0.2,0.18726591760299627
CER_2_2014,2.4977924873979114,0.6970222650683233,CER,2,1,88,668,0.710859963,6.11,5.31,16.79,12.368,6330.175,94.16,5522.515,263.381,491.822,0.299917980789904,2.09418671224462,-1.02197707144694,8.8,0.05,0.05617977528089888
CER_2_2015,2.5042071139049087,0.7515166329851826,CER,2,2,88,668,0.710859963,6.11,5.31,16.79,12.368,6330.175,94.16,5522.515,263.381,491.822,0.299917980789904,2.09418671224462,-1.02197707144694,8.8,0.07,0.08860759493670886
CER_2_2016,2.7082590067102004,0.7341684759283413,CER,2,3,88,668,0.710859963,6.11,5.31,16.79,12.368,6330.175,94.16,5522.515,263.381,491.822,0.299917980789904,2.09418671224462,-1.02197707144694,8.8,0.15,0.14910536779324055
CER_3_2013,2.417811513121592,0.6800491741752894,CER,3,0,88,668,0.710859963,6.11,5.31,16.79,12.368,6330.175,94.16,5522.515,263.381,491.822,0.299917980789904,2.09418671224462,-1.02197707144694,8.8,0.15,0.12787723785166238
CER_3_2014,2.3548669033334715,0.6993347250226395,CER,3,1,88,668,0.710859963,6.11,5.31,16.79,12.368,6330.175,94.16,5522.515,263.381,491.822,0.299917980789904,2.09418671224462,-1.02197707144694,8.8,0.06,0.06984866123399301
CER_3_2015,2.5856105240751575,0.7845080412641277,CER,3,2,88,668,0.710859963,6.11,5.31,16.79,12.368,6330.175,94.16,5522.515,263.381,491.822,0.299917980789904,2.09418671224462,-1.02197707144694,8.8,0.07,0.08860759493670886
CER_3_2016,2.7090375711213297,0.7559713280846972,CER,3,3,88,668,0.710859963,6.11,5.31,16.79,12.368,6330.175,94.16,5522.515,263.381,491.822,0.299917980789904,2.09418671224462,-1.02197707144694,8.8,0.15,0.1838235294117647
CER_4_2013,2.6216163777376478,0.7059554333798777,CER,4,0,88,668,0.710859963,6.11,5.31,16.79,12.368,6330.175,94.16,5522.515,263.381,491.822,0.299917980789904,2.09418671224462,-1.02197707144694,8.8,0.15,0.1453488372093023
CER_4_2014,2.6165352493542704,0.7419931204110436,CER,4,1,88,668,0.710859963,6.11,5.31,16.79,12.368,6330.175,94.16,5522.515,263.381,491.822,0.299917980789904,2.09418671224462,-1.02197707144694,8.8,0.005,0.004916420845624385
CER_4_2015,2.5943684200321795,0.7184789249701775,CER,4,2,88,668,0.710859963,6.11,5.31,16.79,12.368,6330.175,94.16,5522.515,263.381,491.822,0.299917980789904,2.09418671224462,-1.02197707144694,8.8,0.02,0.02044989775051125
CER_4_2016,2.7801359353760624,0.743815323263622,CER,4,3,88,668,0.710859963,6.11,5.31,16.79,12.368,6330.175,94.16,5522.515,263.381,491.822,0.299917980789904,2.09418671224462,-1.02197707144694,8.8,0.01,0.009861932938856016
CVI_0_2014,1.068399870037289,0.42995573702072043,CVI,0,0,80,699,0.704443761,6.94,7.51,7.72,47.846,2910.574,98.98,2304.8,98.20138608,40.36776609,-0.240507666590561,-0.203118405976181,0.677322316245555,8,0.8,3.076923076923077
CVI_0_2015,1.0041409940909678,0.4187593200928763,CVI,0,1,80,699,0.704443761,6.94,7.51,7.72,47.846,2910.574,98.98,2304.8,98.20138608,40.36776609,-0.240507666590561,-0.203118405976181,0.677322316245555,8,0.8,2.807017543859649
CVI_0_2016,1.3018941898156438,0.5925175802438822,CVI,0,2,80,699,0.704443761,6.94,7.51,7.72,47.846,2910.574,98.98,2304.8,98.20138608,40.36776609,-0.240507666590561,-0.203118405976181,0.677322316245555,8,0.6,1.6666666666666667
CVI_0_2017,1.5382494779424016,0.6190371288489398,CVI,0,3,80,699,0.704443761,6.94,7.51,7.72,47.846,2910.574,98.98,2304.8,98.20138608,40.36776609,-0.240507666590561,-0.203118405976181,0.677322316245555,8,0.6,0.851063829787234
CVI_1_2014,2.036149472375281,0.6915237458755921,CVI,1,0,80,699,0.704443761,6.94,7.51,7.72,47.846,2910.574,98.98,2304.8,98.20138608,40.36776609,-0.240507666590561,-0.203118405976181,0.677322316245555,8,0.4,0.5689900426742532
CVI_1_2015,1.9481390552703535,0.6302530892624152,CVI,1,1,80,699,0.704443761,6.94,7.51,7.72,47.846,2910.574,98.98,2304.8,98.20138608,40.36776609,-0.240507666590561,-0.203118405976181,0.677322316245555,8,0.5,0.8726003490401395
CVI_1_2016,2.6126200203892647,0.7840515227716008,CVI,1,2,80,699,0.704443761,6.94,7.51,7.72,47.846,2910.574,98.98,2304.8,98.20138608,40.36776609,-0.240507666590561,-0.203118405976181,0.677322316245555,8,0.3,0.28790786948176583
CVI_1_2017,2.917142850878524,0.841709504905428,CVI,1,3,80,699,0.704443761,6.94,7.51,7.72,47.846,2910.574,98.98,2304.8,98.20138608,40.36776609,-0.240507666590561,-0.203118405976181,0.677322316245555,8,0.2,0.1707941929974381
CVI_2_2014,1.9032011758933225,0.635304160086194,CVI,2,0,80,699,0.704443761,6.94,7.51,7.72,47.846,2910.574,98.98,2304.8,98.20138608,40.36776609,-0.240507666590561,-0.203118405976181,0.677322316245555,8,0.5,0.9578544061302682
CVI_2_2015,2.175604609440297,0.6758895738170885,CVI,2,1,80,699,0.704443761,6.94,7.51,7.72,47.846,2910.574,98.98,2304.8,98.20138608,40.36776609,-0.240507666590561,-0.203118405976181,0.677322316245555,8,0.35,0.43586550435865506
CVI_2_2016,2.68135829137928,0.7962942452223007,CVI,2,2,80,699,0.704443761,6.94,7.51,7.72,47.846,2910.574,98.98,2304.8,98.20138608,40.36776609,-0.240507666590561,-0.203118405976181,0.677322316245555,8,0.4,0.4012036108324975
CVI_2_2017,3.1512855859491946,0.8793829864080097,CVI,2,3,80,699,0.704443761,6.94,7.51,7.72,47.846,2910.574,98.98,2304.8,98.20138608,40.36776609,-0.240507666590561,-0.203118405976181,0.677322316245555,8,0.2,0.14367816091954022
CVI_3_2014,1.5194472349556574,0.5610853278632809,CVI,3,0,80,699,0.704443761,6.94,7.51,7.72,47.846,2910.574,98.98,2304.8,98.20138608,40.36776609,-0.240507666590561,-0.203118405976181,0.677322316245555,8,0.7,1.5521064301552105
CVI_3_2015,2.1557263656198176,0.7458301375006935,CVI,3,1,80,699,0.704443761,6.94,7.51,7.72,47.846,2910.574,98.98,2304.8,98.20138608,40.36776609,-0.240507666590561,-0.203118405976181,0.677322316245555,8,0.5,0.6090133982947624
CVI_3_2016,2.6349640839509534,0.8087434037639248,CVI,3,2,80,699,0.704443761,6.94,7.51,7.72,47.846,2910.574,98.98,2304.8,98.20138608,40.36776609,-0.240507666590561,-0.203118405976181,0.677322316245555,8,0.2,0.26490066225165565
CVI_3_2017,2.9767410399849736,0.8589059072793954,CVI,3,3,80,699,0.704443761,6.94,7.51,7.72,47.846,2910.574,98.98,2304.8,98.20138608,40.36776609,-0.240507666590561,-0.203118405976181,0.677322316245555,8,0.07,0.05259203606311045
CVI_4_2014,1.512991951337015,0.513847276864042,CVI,4,0,80,699,0.704443761,6.94,7.51,7.72,47.846,2910.574,98.98,2304.8,98.20138608,40.36776609,-0.240507666590561,-0.203118405976181,0.677322316245555,8,0.7,1.8918918918918919
CVI_4_2015,1.8776658444132301,0.6627336583573474,CVI,4,1,80,699,0.704443761,6.94,7.51,7.72,47.846,2910.574,98.98,2304.8,98.20138608,40.36776609,-0.240507666590561,-0.203118405976181,0.677322316245555,8,0.5,0.9242144177449167
CVI_4_2016,2.70583288195218,0.8120248543238153,CVI,4,2,80,699,0.704443761,6.94,7.51,7.72,47.846,2910.574,98.98,2304.8,98.20138608,40.36776609,-0.240507666590561,-0.203118405976181,0.677322316245555,8,0.3,0.2640845070422535
CVI_4_2017,2.8977878882605057,0.8438551793308058,CVI,4,3,80,699,0.704443761,6.94,7.51,7.72,47.846,2910.574,98.98,2304.8,98.20138608,40.36776609,-0.240507666590561,-0.203118405976181,0.677322316245555,8,0.07,0.043586550435865505
DUB_1_2014,2.6660620866859364,0.6815047056182004,DUB,1,0,86,718,0.843426149,5.74,6.67,12.68,20.364,3549.125,96.94,2266.2,120.133015,249.4026131,0.319283074180462,0.720146647540336,0.365526263594649,8.6,0.3,0.48
DUB_1_2015,2.5642534899224727,0.6776228830972642,DUB,1,1,86,718,0.843426149,5.74,6.67,12.68,20.364,3549.125,96.94,2266.2,120.133015,249.4026131,0.319283074180462,0.720146647540336,0.365526263594649,8.6,0.35,0.39727582292849034
DUB_1_2016,2.391075801627831,0.6397236903795689,DUB,1,2,86,718,0.843426149,5.74,6.67,12.68,20.364,3549.125,96.94,2266.2,120.133015,249.4026131,0.319283074180462,0.720146647540336,0.365526263594649,8.6,0.5,0.6119951040391677
DUB_1_2017,2.562776433848713,0.6813719969739337,DUB,1,3,86,718,0.843426149,5.74,6.67,12.68,20.364,3549.125,96.94,2266.2,120.133015,249.4026131,0.319283074180462,0.720146647540336,0.365526263594649,8.6,0.35,0.3829321663019693
DUB_2_2014,2.3308711884704594,0.6236161636835571,DUB,2,0,86,718,0.843426149,5.74,6.67,12.68,20.364,3549.125,96.94,2266.2,120.133015,249.4026131,0.319283074180462,0.720146647540336,0.365526263594649,8.6,0.3,0.2952755905511811
DUB_2_2015,2.4738383279105647,0.6323680419256171,DUB,2,1,86,718,0.843426149,5.74,6.67,12.68,20.364,3549.125,96.94,2266.2,120.133015,249.4026131,0.319283074180462,0.720146647540336,0.365526263594649,8.6,0.25,0.29976019184652275
DUB_2_2016,2.58631173663162,0.6794171386567209,DUB,2,2,86,718,0.843426149,5.74,6.67,12.68,20.364,3549.125,96.94,2266.2,120.133015,249.4026131,0.319283074180462,0.720146647540336,0.365526263594649,8.6,0.25,0.2502502502502503
DUB_2_2017,2.3121806280735466,0.6503387539235534,DUB,2,3,86,718,0.843426149,5.74,6.67,12.68,20.364,3549.125,96.94,2266.2,120.133015,249.4026131,0.319283074180462,0.720146647540336,0.365526263594649,8.6,0.005,0.004480286738351254
DUB_3_2014,2.910413069296992,0.7737990481158735,DUB,3,0,86,718,0.843426149,5.74,6.67,12.68,20.364,3549.125,96.94,2266.2,120.133015,249.4026131,0.319283074180462,0.720146647540336,0.365526263594649,8.6,0.15,0.20107238605898123
DUB_3_2015,2.9732937689886314,0.7765923890691809,DUB,3,1,86,718,0.843426149,5.74,6.67,12.68,20.364,3549.125,96.94,2266.2,120.133015,249.4026131,0.319283074180462,0.720146647540336,0.365526263594649,8.6,0.15,0.141643059490085
DUB_3_2016,2.7281400750199167,0.74998637976595,DUB,3,2,86,718,0.843426149,5.74,6.67,12.68,20.364,3549.125,96.94,2266.2,120.133015,249.4026131,0.319283074180462,0.720146647540336,0.365526263594649,8.6,0.15,0.17142857142857143
DUB_3_2017,3.0287155042501035,0.8003603934388676,DUB,3,3,86,718,0.843426149,5.74,6.67,12.68,20.364,3549.125,96.94,2266.2,120.133015,249.4026131,0.319283074180462,0.720146647540336,0.365526263594649,8.6,0.01,0.01002004008016032
DUB_4_2014,2.762988343916277,0.7440244310024532,DUB,4,0,86,718,0.843426149,5.74,6.67,12.68,20.364,3549.125,96.94,2266.2,120.133015,249.4026131,0.319283074180462,0.720146647540336,0.365526263594649,8.6,0.2,0.21231422505307856
DUB_4_2015,2.6556351233473525,0.6788393421159624,DUB,4,1,86,718,0.843426149,5.74,6.67,12.68,20.364,3549.125,96.94,2266.2,120.133015,249.4026131,0.319283074180462,0.720146647540336,0.365526263594649,8.6,0.15,0.15136226034308778
DUB_4_2016,2.4913503132527706,0.6800350461919337,DUB,4,2,86,718,0.843426149,5.74,6.67,12.68,20.364,3549.125,96.94,2266.2,120.133015,249.4026131,0.319283074180462,0.720146647540336,0.365526263594649,8.6,0.05,0.05241090146750524
DUB_4_2017,3.157159570120898,0.8155504096080165,DUB,4,3,86,718,0.843426149,5.74,6.67,12.68,20.364,3549.125,96.94,2266.2,120.133015,249.4026131,0.319283074180462,0.720146647540336,0.365526263594649,8.6,0.005,0.005773672055427252
DUC_0_2014,1.9399725267498518,0.6847251834457544,DUC,0,0,75,880,0.670765093,4.05,5.18,6.13,17.324,2151.433,99.16,128.5,58.88372821,11.42365098,0.732449110907632,-1.47982560997619,0.494020012417847,7.5,0.15,0.3386004514672686
DUC_0_2015,1.6647375172607521,0.6147365793230802,DUC,0,1,75,880,0.670765093,4.05,5.18,6.13,17.324,2151.433,99.16,128.5,58.88372821,11.42365098,0.732449110907632,-1.47982560997619,0.494020012417847,7.5,0.3,0.9036144578313252
DUC_0_2016,1.819968786469802,0.6423691284272345,DUC,0,2,75,880,0.670765093,4.05,5.18,6.13,17.324,2151.433,99.16,128.5,58.88372821,11.42365098,0.732449110907632,-1.47982560997619,0.494020012417847,7.5,0.35,1.0385756676557862
DUC_1_2014,2.10778438899828,0.6722335440104373,DUC,1,0,75,880,0.670765093,4.05,5.18,6.13,17.324,2151.433,99.16,128.5,58.88372821,11.42365098,0.732449110907632,-1.47982560997619,0.494020012417847,7.5,0.25,0.5470459518599562
DUC_1_2015,2.1670859217118568,0.64356861740911,DUC,1,1,75,880,0.670765093,4.05,5.18,6.13,17.324,2151.433,99.16,128.5,58.88372821,11.42365098,0.732449110907632,-1.47982560997619,0.494020012417847,7.5,0.45,0.8411214953271028
DUC_1_2016,2.55852285957987,0.7598152905948116,DUC,1,2,75,880,0.670765093,4.05,5.18,6.13,17.324,2151.433,99.16,128.5,58.88372821,11.42365098,0.732449110907632,-1.47982560997619,0.494020012417847,7.5,0.25,0.4520795660036166
DUC_2_2014,2.700714780274611,0.8104889036755462,DUC,2,0,75,880,0.670765093,4.05,5.18,6.13,17.324,2151.433,99.16,128.5,58.88372821,11.42365098,0.732449110907632,-1.47982560997619,0.494020012417847,7.5,0.1,0.129366106080207
DUC_2_2015,2.8928066165791573,0.8072530566352936,DUC,2,1,75,880,0.670765093,4.05,5.18,6.13,17.324,2151.433,99.16,128.5,58.88372821,11.42365098,0.732449110907632,-1.47982560997619,0.494020012417847,7.5,0.1,0.1187648456057007
DUC_2_2016,2.7086452210610887,0.7558618407157229,DUC,2,2,75,880,0.670765093,4.05,5.18,6.13,17.324,2151.433,99.16,128.5,58.88372821,11.42365098,0.732449110907632,-1.47982560997619,0.494020012417847,7.5,0.02,0.02475247524752475
DUC_3_2014,2.776004039061461,0.8009854521283405,DUC,3,0,75,880,0.670765093,4.05,5.18,6.13,17.324,2151.433,99.16,128.5,58.88372821,11.42365098,0.732449110907632,-1.47982560997619,0.494020012417847,7.5,0.15,0.22761760242792106
DUC_3_2015,2.733183342648365,0.7750720108080462,DUC,3,1,75,880,0.670765093,4.05,5.18,6.13,17.324,2151.433,99.16,128.5,58.88372821,11.42365098,0.732449110907632,-1.47982560997619,0.494020012417847,7.5,0.15,0.23771790808240886
DUC_3_2016,2.91285990719094,0.7843822214485855,DUC,3,2,75,880,0.670765093,4.05,5.18,6.13,17.324,2151.433,99.16,128.5,58.88372821,11.42365098,0.732449110907632,-1.47982560997619,0.494020012417847,7.5,0.1,0.13071895424836602
DUC_4_2014,1.7496570932246311,0.5746901620908919,DUC,4,0,75,880,0.670765093,4.05,5.18,6.13,17.324,2151.433,99.16,128.5,58.88372821,11.42365098,0.732449110907632,-1.47982560997619,0.494020012417847,7.5,0.5,1.2755102040816326
DUC_4_2015,2.2846628427152234,0.7012262577408501,DUC,4,1,75,880,0.670765093,4.05,5.18,6.13,17.324,2151.433,99.16,128.5,58.88372821,11.42365098,0.732449110907632,-1.47982560997619,0.494020012417847,7.5,0.3,0.5025125628140703
DUC_4_2016,2.6738271390889614,0.7715034307515939,DUC,4,2,75,880,0.670765093,4.05,5.18,6.13,17.324,2151.433,99.16,128.5,58.88372821,11.42365098,0.732449110907632,-1.47982560997619,0.494020012417847,7.5,0.15,0.19685039370078738
DUC_5_2014,1.6597188832921388,0.5986170505488342,DUC,3,0,75,880,0.670765093,4.05,5.18,6.13,17.324,2151.433,99.16,128.5,58.88372821,11.42365098,0.732449110907632,-1.47982560997619,0.494020012417847,7.5,0.5,1.2468827930174562
DUC_5_2015,1.9531048327717706,0.6633198536600977,DUC,3,1,75,880,0.670765093,4.05,5.18,6.13,17.324,2151.433,99.16,128.5,58.88372821,11.42365098,0.732449110907632,-1.47982560997619,0.494020012417847,7.5,0.25,0.3644314868804665
DUC_5_2016,2.2468366930786727,0.7069850962318912,DUC,3,2,75,880,0.670765093,4.05,5.18,6.13,17.324,2151.433,99.16,128.5,58.88372821,11.42365098,0.732449110907632,-1.47982560997619,0.494020012417847,7.5,0.2,0.3169572107765452
DUC_6_2014,1.8332927410287392,0.6769788611313654,DUC,4,0,75,880,0.670765093,4.05,5.18,6.13,17.324,2151.433,99.16,128.5,58.88372821,11.42365098,0.732449110907632,-1.47982560997619,0.494020012417847,7.5,0.4,0.9411764705882353
DUC_6_2015,2.6053290674250347,0.773715526929364,DUC,4,1,75,880,0.670765093,4.05,5.18,6.13,17.324,2151.433,99.16,128.5,58.88372821,11.42365098,0.732449110907632,-1.47982560997619,0.494020012417847,7.5,0.15,0.3024193548387097
DUC_6_2016,2.8614227520142737,0.7984952224773403,DUC,4,2,75,880,0.670765093,4.05,5.18,6.13,17.324,2151.433,99.16,128.5,58.88372821,11.42365098,0.732449110907632,-1.47982560997619,0.494020012417847,7.5,0.1,0.1663893510815308
HIG_0_2014,0.544995130320153,0.20125001009890187,HIG,0,0,103,475,0.660225677,8.06,8.61,5.11,30.252,2540.585,99.22,2913.7,81.92696743,528.9019826,-1.56563478200371,0.380280344311849,-1.61937541603383,10.3,0.7,9.72222222222222
HIG_0_2015,0.9865425993389314,0.314637033717693,HIG,0,1,103,475,0.660225677,8.06,8.61,5.11,30.252,2540.585,99.22,2913.7,81.92696743,528.9019826,-1.56563478200371,0.380280344311849,-1.61937541603383,10.3,0.65,4.545454545454545
HIG_0_2016,1.3805788835642385,0.440306627437081,HIG,0,2,103,475,0.660225677,8.06,8.61,5.11,30.252,2540.585,99.22,2913.7,81.92696743,528.9019826,-1.56563478200371,0.380280344311849,-1.61937541603383,10.3,0.5,2.4154589371980677
HIG_1_2014,0.4390411605664379,0.17116952398660434,HIG,1,0,103,475,0.660225677,8.06,8.61,5.11,30.252,2540.585,99.22,2913.7,81.92696743,528.9019826,-1.56563478200371,0.380280344311849,-1.61937541603383,10.3,0.6,12.5
HIG_1_2015,0.7656975146119229,0.2649131595339337,HIG,1,1,103,475,0.660225677,8.06,8.61,5.11,30.252,2540.585,99.22,2913.7,81.92696743,528.9019826,-1.56563478200371,0.380280344311849,-1.61937541603383,10.3,0.7,6.306306306306306
HIG_1_2016,1.2721651097020175,0.432056876947799,HIG,1,2,103,475,0.660225677,8.06,8.61,5.11,30.252,2540.585,99.22,2913.7,81.92696743,528.9019826,-1.56563478200371,0.380280344311849,-1.61937541603383,10.3,0.5,2.7472527472527473
HIG_1_2017,1.8656751959338267,0.572627352861306,HIG,1,3,103,475,0.660225677,8.06,8.61,5.11,30.252,2540.585,99.22,2913.7,81.92696743,528.9019826,-1.56563478200371,0.380280344311849,-1.61937541603383,10.3,0.3,1.3392857142857142
HIG_2_2014,0.5200972415356007,0.2093025271512605,HIG,2,0,103,475,0.660225677,8.06,8.61,5.11,30.252,2540.585,99.22,2913.7,81.92696743,528.9019826,-1.56563478200371,0.380280344311849,-1.61937541603383,10.3,0.6,9.836065573770492
HIG_2_2015,1.0459436490143,0.3963322953528961,HIG,2,1,103,475,0.660225677,8.06,8.61,5.11,30.252,2540.585,99.22,2913.7,81.92696743,528.9019826,-1.56563478200371,0.380280344311849,-1.61937541603383,10.3,0.65,3.170731707317073
HIG_2_2016,1.446818655108677,0.4680681928314366,HIG,2,2,103,475,0.660225677,8.06,8.61,5.11,30.252,2540.585,99.22,2913.7,81.92696743,528.9019826,-1.56563478200371,0.380280344311849,-1.61937541603383,10.3,0.5,2.272727272727273
HIG_2_2017,2.102092676304542,0.6308414354177848,HIG,2,3,103,475,0.660225677,8.06,8.61,5.11,30.252,2540.585,99.22,2913.7,81.92696743,528.9019826,-1.56563478200371,0.380280344311849,-1.61937541603383,10.3,0.25,1.0729613733905579
HIG_3_2014,0.8384555653868987,0.3096159609765125,HIG,3,0,103,475,0.660225677,8.06,8.61,5.11,30.252,2540.585,99.22,2913.7,81.92696743,528.9019826,-1.56563478200371,0.380280344311849,-1.61937541603383,10.3,0.6,5.1724137931034475
HIG_3_2015,1.1205913483511387,0.3805789001843652,HIG,3,1,103,475,0.660225677,8.06,8.61,5.11,30.252,2540.585,99.22,2913.7,81.92696743,528.9019826,-1.56563478200371,0.380280344311849,-1.61937541603383,10.3,0.65,3.4759358288770055
HIG_3_2016,1.884636648498694,0.5930159616875831,HIG,3,2,103,475,0.660225677,8.06,8.61,5.11,30.252,2540.585,99.22,2913.7,81.92696743,528.9019826,-1.56563478200371,0.380280344311849,-1.61937541603383,10.3,0.3,1.1583011583011582
HIG_3_2017,2.617276525034316,0.7941159200052708,HIG,3,3,103,475,0.660225677,8.06,8.61,5.11,30.252,2540.585,99.22,2913.7,81.92696743,528.9019826,-1.56563478200371,0.380280344311849,-1.61937541603383,10.3,0.08,0.2867383512544803
HIG_4_2014,0.82706545676815,0.31339427434444017,HIG,4,0,103,475,0.660225677,8.06,8.61,5.11,30.252,2540.585,99.22,2913.7,81.92696743,528.9019826,-1.56563478200371,0.380280344311849,-1.61937541603383,10.3,0.5,5.208333333333333
HIG_4_2015,1.7512813295580107,0.5752236567083906,HIG,4,1,103,475,0.660225677,8.06,8.61,5.11,30.252,2540.585,99.22,2913.7,81.92696743,528.9019826,-1.56563478200371,0.380280344311849,-1.61937541603383,10.3,0.4,1.1869436201780414
HIG_4_2016,2.6536059227680586,0.8144651000364441,HIG,4,2,103,475,0.660225677,8.06,8.61,5.11,30.252,2540.585,99.22,2913.7,81.92696743,528.9019826,-1.56563478200371,0.380280344311849,-1.61937541603383,10.3,0.08,0.18475750577367206
HIG_4_2017,2.8139984551733788,0.8356849523330067,HIG,4,3,103,475,0.660225677,8.06,8.61,5.11,30.252,2540.585,99.22,2913.7,81.92696743,528.9019826,-1.56563478200371,0.380280344311849,-1.61937541603383,10.3,0.03,0.09259259259259259
ILI_0_2014,0.9709771613193583,0.37855607499413124,ILI,0,0,84,781,0.590659612,5.65,6.45,1.54,27.133,2164.173,98.06,939.6,93.50553693,250.1399472,-0.37292593065102,-1.02453635884729,-1.03830953891901,8.4,0.6,3.4482758620689657
ILI_0_2015,1.4658170769969436,0.49782559168942636,ILI,0,1,84,781,0.590659612,5.65,6.45,1.54,27.133,2164.173,98.06,939.6,93.50553693,250.1399472,-0.37292593065102,-1.02453635884729,-1.03830953891901,8.4,0.4,1.9801980198019802
ILI_0_2016,0.6137583135007868,0.2392867179678773,ILI,0,2,84,781,0.590659612,5.65,6.45,1.54,27.133,2164.173,98.06,939.6,93.50553693,250.1399472,-0.37292593065102,-1.02453635884729,-1.03830953891901,8.4,0.8,7.339449541284404
ILI_0_2017,0.9603532977441386,0.35462906018258555,ILI,0,3,84,781,0.590659612,5.65,6.45,1.54,27.133,2164.173,98.06,939.6,93.50553693,250.1399472,-0.37292593065102,-1.02453635884729,-1.03830953891901,8.4,0.5,4.132231404958678
ILI_1_2014,1.1969304944105992,0.4535447112037906,ILI,1,0,84,781,0.590659612,5.65,6.45,1.54,27.133,2164.173,98.06,939.6,93.50553693,250.1399472,-0.37292593065102,-1.02453635884729,-1.03830953891901,8.4,0.55,2.534562211981567
ILI_1_2015,1.2157884745715095,0.41291005966633915,ILI,1,1,84,781,0.590659612,5.65,6.45,1.54,27.133,2164.173,98.06,939.6,93.50553693,250.1399472,-0.37292593065102,-1.02453635884729,-1.03830953891901,8.4,0.6,2.7522935779816513
ILI_1_2016,1.4830787056636907,0.5036880424954654,ILI,1,2,84,781,0.590659612,5.65,6.45,1.54,27.133,2164.173,98.06,939.6,93.50553693,250.1399472,-0.37292593065102,-1.02453635884729,-1.03830953891901,8.4,0.55,1.950354609929078
ILI_1_2017,1.424416896891946,0.5027566666944524,ILI,1,3,84,781,0.590659612,5.65,6.45,1.54,27.133,2164.173,98.06,939.6,93.50553693,250.1399472,-0.37292593065102,-1.02453635884729,-1.03830953891901,8.4,0.45,2.0454545454545454
ILI_2_2014,1.1407314338483252,0.47572195783057647,ILI,2,0,84,781,0.590659612,5.65,6.45,1.54,27.133,2164.173,98.06,939.6,93.50553693,250.1399472,-0.37292593065102,-1.02453635884729,-1.03830953891901,8.4,0.5,2.5510204081632653
ILI_2_2015,1.5474059310348272,0.5581087157365286,ILI,2,1,84,781,0.590659612,5.65,6.45,1.54,27.133,2164.173,98.06,939.6,93.50553693,250.1399472,-0.37292593065102,-1.02453635884729,-1.03830953891901,8.4,0.4,1.0025062656641603
ILI_2_2016,2.017486889725841,0.6526881853511612,ILI,2,2,84,781,0.590659612,5.65,6.45,1.54,27.133,2164.173,98.06,939.6,93.50553693,250.1399472,-0.37292593065102,-1.02453635884729,-1.03830953891901,8.4,0.2,0.37523452157598497
ILI_2_2017,2.1378114020849766,0.6726794183504817,ILI,2,3,84,781,0.590659612,5.65,6.45,1.54,27.133,2164.173,98.06,939.6,93.50553693,250.1399472,-0.37292593065102,-1.02453635884729,-1.03830953891901,8.4,0.2,0.5235602094240838
ILI_3_2014,0.5746248102684951,0.3207042128908414,ILI,3,0,84,781,0.590659612,5.65,6.45,1.54,27.133,2164.173,98.06,939.6,93.50553693,250.1399472,-0.37292593065102,-1.02453635884729,-1.03830953891901,8.4,0.5,6.666666666666667
ILI_3_2015,1.396358173693628,0.5036297531231417,ILI,3,1,84,781,0.590659612,5.65,6.45,1.54,27.133,2164.173,98.06,939.6,93.50553693,250.1399472,-0.37292593065102,-1.02453635884729,-1.03830953891901,8.4,0.4,1.0526315789473684
ILI_3_2016,1.5422803849525961,0.5443573065855201,ILI,3,2,84,781,0.590659612,5.65,6.45,1.54,27.133,2164.173,98.06,939.6,93.50553693,250.1399472,-0.37292593065102,-1.02453635884729,-1.03830953891901,8.4,0.3,0.5524861878453039
ILI_3_2017,1.6336906765059844,0.5548393728194959,ILI,3,3,84,781,0.590659612,5.65,6.45,1.54,27.133,2164.173,98.06,939.6,93.50553693,250.1399472,-0.37292593065102,-1.02453635884729,-1.03830953891901,8.4,0.2,0.36563071297989036
ILI_4_2014,1.0699178194251742,0.44619038686229534,ILI,4,0,84,781,0.590659612,5.65,6.45,1.54,27.133,2164.173,98.06,939.6,93.50553693,250.1399472,-0.37292593065102,-1.02453635884729,-1.03830953891901,8.4,0.45,2.6162790697674416
ILI_4_2015,1.6624011241530126,0.5460301765409528,ILI,4,1,84,781,0.590659612,5.65,6.45,1.54,27.133,2164.173,98.06,939.6,93.50553693,250.1399472,-0.37292593065102,-1.02453635884729,-1.03830953891901,8.4,0.45,0.8653846153846154
ILI_4_2016,1.9676168825721785,0.5970006898301361,ILI,4,2,84,781,0.590659612,5.65,6.45,1.54,27.133,2164.173,98.06,939.6,93.50553693,250.1399472,-0.37292593065102,-1.02453635884729,-1.03830953891901,8.4,0.1,0.111731843575419
ILI_4_2017,1.972193045463552,0.6380349267998014,ILI,4,3,84,781,0.590659612,5.65,6.45,1.54,27.133,2164.173,98.06,939.6,93.50553693,250.1399472,-0.37292593065102,-1.02453635884729,-1.03830953891901,8.4,0.1,0.16806722689075632
ILI_5_2014,1.0361094212213982,0.38260347640515996,ILI,3,0,84,781,0.590659612,5.65,6.45,1.54,27.133,2164.173,98.06,939.6,93.50553693,250.1399472,-0.37292593065102,-1.02453635884729,-1.03830953891901,8.4,0.5,2.857142857142857
ILI_5_2015,1.6151985257625288,0.5485590080796259,ILI,3,1,84,781,0.590659612,5.65,6.45,1.54,27.133,2164.173,98.06,939.6,93.50553693,250.1399472,-0.37292593065102,-1.02453635884729,-1.03830953891901,8.4,0.5,1.0940919037199126
ILI_5_2016,1.868686384474963,0.5959782591788995,ILI,3,2,84,781,0.590659612,5.65,6.45,1.54,27.133,2164.173,98.06,939.6,93.50553693,250.1399472,-0.37292593065102,-1.02453635884729,-1.03830953891901,8.4,0.3,0.4792332268370607
ILI_5_2017,1.9023080422306509,0.6248297002708654,ILI,3,3,84,781,0.590659612,5.65,6.45,1.54,27.133,2164.173,98.06,939.6,93.50553693,250.1399472,-0.37292593065102,-1.02453635884729,-1.03830953891901,8.4,0.2,0.3252032520325204
ILI_6_2014,1.4066448763270172,0.5194308716117948,ILI,4,0,84,781,0.590659612,5.65,6.45,1.54,27.133,2164.173,98.06,939.6,93.50553693,250.1399472,-0.37292593065102,-1.02453635884729,-1.03830953891901,8.4,0.4,1.8264840182648403
ILI_6_2015,1.7169950398495093,0.5475994920120455,ILI,4,1,84,781,0.590659612,5.65,6.45,1.54,27.133,2164.173,98.06,939.6,93.50553693,250.1399472,-0.37292593065102,-1.02453635884729,-1.03830953891901,8.4,0.25,0.46040515653775327
ILI_6_2016,2.1142802651152395,0.6489311290939099,ILI,4,2,84,781,0.590659612,5.65,6.45,1.54,27.133,2164.173,98.06,939.6,93.50553693,250.1399472,-0.37292593065102,-1.02453635884729,-1.03830953891901,8.4,0.05,0.06443298969072166
ILI_6_2017,1.9334315936771937,0.6350525027245125,ILI,4,3,84,781,0.590659612,5.65,6.45,1.54,27.133,2164.173,98.06,939.6,93.50553693,250.1399472,-0.37292593065102,-1.02453635884729,-1.03830953891901,8.4,0.1,0.18552875695732837
JAZ_0_2014,2.0049896877185844,0.5639362596973558,JAZ,0,0,82,694,0.614804491,4.62,5.93,10.46,16.893,2615.3612,98.46,1271.2,94.68663524,82.70421236,0.0799126296752948,-0.290154272496496,0.737498048842961,8.2,0.2,0.2242152466367713
JAZ_0_2015,2.1645987518545087,0.636422562102725,JAZ,0,1,82,694,0.614804491,4.62,5.93,10.46,16.893,2615.3612,98.46,1271.2,94.68663524,82.70421236,0.0799126296752948,-0.290154272496496,0.737498048842961,8.2,0.45,0.550795593635251
JAZ_0_2016,2.14566679194207,0.6308562988759825,JAZ,0,2,82,694,0.614804491,4.62,5.93,10.46,16.893,2615.3612,98.46,1271.2,94.68663524,82.70421236,0.0799126296752948,-0.290154272496496,0.737498048842961,8.2,0.5,0.9009009009009008
JAZ_0_2017,2.4296841838368604,0.7291521803111388,JAZ,0,3,82,694,0.614804491,4.62,5.93,10.46,16.893,2615.3612,98.46,1271.2,94.68663524,82.70421236,0.0799126296752948,-0.290154272496496,0.737498048842961,8.2,0.3,0.5736137667304014
JAZ_1_2014,2.177821539290125,0.6125480548247046,JAZ,1,0,82,694,0.614804491,4.62,5.93,10.46,16.893,2615.3612,98.46,1271.2,94.68663524,82.70421236,0.0799126296752948,-0.290154272496496,0.737498048842961,8.2,0.3,0.38314176245210724
JAZ_1_2015,2.102191550043784,0.586627721562837,JAZ,1,1,82,694,0.614804491,4.62,5.93,10.46,16.893,2615.3612,98.46,1271.2,94.68663524,82.70421236,0.0799126296752948,-0.290154272496496,0.737498048842961,8.2,0.6,1.1320754716981132
JAZ_1_2016,2.0385944235328304,0.5882140130429419,JAZ,1,2,82,694,0.614804491,4.62,5.93,10.46,16.893,2615.3612,98.46,1271.2,94.68663524,82.70421236,0.0799126296752948,-0.290154272496496,0.737498048842961,8.2,0.6,1.188118811881188
JAZ_1_2017,2.82191290819244,0.8002338072054049,JAZ,1,3,82,694,0.614804491,4.62,5.93,10.46,16.893,2615.3612,98.46,1271.2,94.68663524,82.70421236,0.0799126296752948,-0.290154272496496,0.737498048842961,8.2,0.15,0.20833333333333331
JAZ_2_2014,2.0385871733225076,0.6414577229169574,JAZ,2,0,82,694,0.614804491,4.62,5.93,10.46,16.893,2615.3612,98.46,1271.2,94.68663524,82.70421236,0.0799126296752948,-0.290154272496496,0.737498048842961,8.2,0.3,0.33444816053511706
JAZ_2_2015,2.272271007524087,0.6748058745801417,JAZ,2,1,82,694,0.614804491,4.62,5.93,10.46,16.893,2615.3612,98.46,1271.2,94.68663524,82.70421236,0.0799126296752948,-0.290154272496496,0.737498048842961,8.2,0.4,0.718132854578097
JAZ_2_2016,2.3069637077417102,0.6597908533548659,JAZ,2,2,82,694,0.614804491,4.62,5.93,10.46,16.893,2615.3612,98.46,1271.2,94.68663524,82.70421236,0.0799126296752948,-0.290154272496496,0.737498048842961,8.2,0.4,0.6191950464396285
JAZ_2_2017,2.7163598180887636,0.7640207853379116,JAZ,2,3,82,694,0.614804491,4.62,5.93,10.46,16.893,2615.3612,98.46,1271.2,94.68663524,82.70421236,0.0799126296752948,-0.290154272496496,0.737498048842961,8.2,0.08,0.1068090787716956
JAZ_3_2014,2.0351055681112644,0.5872073421599275,JAZ,3,0,82,694,0.614804491,4.62,5.93,10.46,16.893,2615.3612,98.46,1271.2,94.68663524,82.70421236,0.0799126296752948,-0.290154272496496,0.737498048842961,8.2,0.4,0.4842615012106538
JAZ_3_2015,1.9538382960835858,0.6417552624590249,JAZ,3,1,82,694,0.614804491,4.62,5.93,10.46,16.893,2615.3612,98.46,1271.2,94.68663524,82.70421236,0.0799126296752948,-0.290154272496496,0.737498048842961,8.2,0.5,0.4690431519699812
JAZ_3_2016,2.60085719978271,0.7202759139650834,JAZ,3,2,82,694,0.614804491,4.62,5.93,10.46,16.893,2615.3612,98.46,1271.2,94.68663524,82.70421236,0.0799126296752948,-0.290154272496496,0.737498048842961,8.2,0.15,0.19379844961240308
JAZ_3_2017,2.997693395879673,0.8729483301406517,JAZ,3,3,82,694,0.614804491,4.62,5.93,10.46,16.893,2615.3612,98.46,1271.2,94.68663524,82.70421236,0.0799126296752948,-0.290154272496496,0.737498048842961,8.2,0.05,0.07507507507507508
JAZ_4_2014,2.08939321952854,0.6412926060187735,JAZ,4,0,82,694,0.614804491,4.62,5.93,10.46,16.893,2615.3612,98.46,1271.2,94.68663524,82.70421236,0.0799126296752948,-0.290154272496496,0.737498048842961,8.2,0.2,0.2314814814814815
JAZ_4_2015,1.9576284894793297,0.6534724437030197,JAZ,4,1,82,694,0.614804491,4.62,5.93,10.46,16.893,2615.3612,98.46,1271.2,94.68663524,82.70421236,0.0799126296752948,-0.290154272496496,0.737498048842961,8.2,0.4,0.4895960832313342
JAZ_4_2016,2.738764090501857,0.7703223546992269,JAZ,4,2,82,694,0.614804491,4.62,5.93,10.46,16.893,2615.3612,98.46,1271.2,94.68663524,82.70421236,0.0799126296752948,-0.290154272496496,0.737498048842961,8.2,0.03,0.048465266558966075
JAZ_4_2017,3.091843774891764,0.838152564579918,JAZ,4,3,82,694,0.614804491,4.62,5.93,10.46,16.893,2615.3612,98.46,1271.2,94.68663524,82.70421236,0.0799126296752948,-0.290154272496496,0.737498048842961,8.2,0.01,0.01795332136445242
KOS_0_2015,1.7532620352668897,0.5852532453398798,KOS,0,0,74,740,0.581166328,5.35,6.34,5.5,24.822,1345.468,99.32,902.2,104.1792815,136.3618932,-0.248563696971543,-0.627670716041161,1.03438352582842,7.4,0.3,1.083032490974729
KOS_0_2016,1.7970194652965172,0.5731216011074673,KOS,0,1,74,740,0.581166328,5.35,6.34,5.5,24.822,1345.468,99.32,902.2,104.1792815,136.3618932,-0.248563696971543,-0.627670716041161,1.03438352582842,7.4,0.4,0.8179959100204499
KOS_0_2017,2.112656754452731,0.6563337231374047,KOS,0,2,74,740,0.581166328,5.35,6.34,5.5,24.822,1345.468,99.32,902.2,104.1792815,136.3618932,-0.248563696971543,-0.627670716041161,1.03438352582842,7.4,0.3,0.6787330316742081
KOS_1_2015,1.4083446634514276,0.5079529654559527,KOS,1,0,74,740,0.581166328,5.35,6.34,5.5,24.822,1345.468,99.32,902.2,104.1792815,136.3618932,-0.248563696971543,-0.627670716041161,1.03438352582842,7.4,0.3,1.4018691588785044
KOS_1_2016,1.871793176335269,0.5969691051656415,KOS,1,1,74,740,0.581166328,5.35,6.34,5.5,24.822,1345.468,99.32,902.2,104.1792815,136.3618932,-0.248563696971543,-0.627670716041161,1.03438352582842,7.4,0.3,0.8720930232558138
KOS_1_2017,2.27419165249343,0.7155925525164697,KOS,1,2,74,740,0.581166328,5.35,6.34,5.5,24.822,1345.468,99.32,902.2,104.1792815,136.3618932,-0.248563696971543,-0.627670716041161,1.03438352582842,7.4,0.25,0.6142506142506142
KOS_2_2015,1.6968757864039923,0.5411828788531674,KOS,2,0,74,740,0.581166328,5.35,6.34,5.5,24.822,1345.468,99.32,902.2,104.1792815,136.3618932,-0.248563696971543,-0.627670716041161,1.03438352582842,7.4,0.3,1.083032490974729
KOS_2_2016,2.4815599482832433,0.7709399440361614,KOS,2,1,74,740,0.581166328,5.35,6.34,5.5,24.822,1345.468,99.32,902.2,104.1792815,136.3618932,-0.248563696971543,-0.627670716041161,1.03438352582842,7.4,0.1,0.17421602787456444
KOS_2_2017,2.654119480125013,0.7965055782201862,KOS,2,2,74,740,0.581166328,5.35,6.34,5.5,24.822,1345.468,99.32,902.2,104.1792815,136.3618932,-0.248563696971543,-0.627670716041161,1.03438352582842,7.4,0.15,0.2640845070422535
KOS_3_2015,1.8219676286602513,0.690385770788038,KOS,3,0,74,740,0.581166328,5.35,6.34,5.5,24.822,1345.468,99.32,902.2,104.1792815,136.3618932,-0.248563696971543,-0.627670716041161,1.03438352582842,7.4,0.25,0.6613756613756614
KOS_3_2016,2.2463550700476813,0.706833549701624,KOS,3,1,74,740,0.581166328,5.35,6.34,5.5,24.822,1345.468,99.32,902.2,104.1792815,136.3618932,-0.248563696971543,-0.627670716041161,1.03438352582842,7.4,0.15,0.30991735537190085
KOS_3_2017,2.6635390989192103,0.7831180610922223,KOS,3,2,74,740,0.581166328,5.35,6.34,5.5,24.822,1345.468,99.32,902.2,104.1792815,136.3618932,-0.248563696971543,-0.627670716041161,1.03438352582842,7.4,0.1,0.18726591760299627
KOS_4_2015,1.4077646620118163,0.4554336225574405,KOS,4,0,74,740,0.581166328,5.35,6.34,5.5,24.822,1345.468,99.32,902.2,104.1792815,136.3618932,-0.248563696971543,-0.627670716041161,1.03438352582842,7.4,0.5,2.1367521367521367
KOS_4_2016,2.2933548367734176,0.7314173392897877,KOS,4,1,74,740,0.581166328,5.35,6.34,5.5,24.822,1345.468,99.32,902.2,104.1792815,136.3618932,-0.248563696971543,-0.627670716041161,1.03438352582842,7.4,0.2,0.6430868167202572
KOS_4_2017,2.543902212298456,0.7479431290915725,KOS,4,2,74,740,0.581166328,5.35,6.34,5.5,24.822,1345.468,99.32,902.2,104.1792815,136.3618932,-0.248563696971543,-0.627670716041161,1.03438352582842,7.4,0.15,0.3363228699551569
KYS_0_2014,1.5707190602423948,0.5009478417350355,KYS,0,0,63,780,0.771661805,4.69,5.85,16.57,3.718,6352.844,96.85,1841.5,99.52075511,213.0512098,1.62452969258617,0.64031228338169,-0.564609795420682,6.3,0.5,1.5337423312883436
KYS_0_2015,1.257989716939422,0.4069791133320274,KYS,0,1,63,780,0.771661805,4.69,5.85,16.57,3.718,6352.844,96.85,1841.5,99.52075511,213.0512098,1.62452969258617,0.64031228338169,-0.564609795420682,6.3,0.6,2.7906976744186047
KYS_0_2016,1.5862545162175106,0.4868654128894482,KYS,0,2,63,780,0.771661805,4.69,5.85,16.57,3.718,6352.844,96.85,1841.5,99.52075511,213.0512098,1.62452969258617,0.64031228338169,-0.564609795420682,6.3,0.65,1.7195767195767195
KYS_0_2017,1.608992856457579,0.5205340530698507,KYS,0,3,63,780,0.771661805,4.69,5.85,16.57,3.718,6352.844,96.85,1841.5,99.52075511,213.0512098,1.62452969258617,0.64031228338169,-0.564609795420682,6.3,0.45,1.7175572519083968
KYS_1_2014,1.600158141114671,0.5103368180318878,KYS,1,0,63,780,0.771661805,4.69,5.85,16.57,3.718,6352.844,96.85,1841.5,99.52075511,213.0512098,1.62452969258617,0.64031228338169,-0.564609795420682,6.3,0.5,1.529051987767584
KYS_1_2015,1.9958844617573592,0.5447934700009491,KYS,1,1,63,780,0.771661805,4.69,5.85,16.57,3.718,6352.844,96.85,1841.5,99.52075511,213.0512098,1.62452969258617,0.64031228338169,-0.564609795420682,6.3,0.5,1.2953367875647668
KYS_1_2016,1.984962192767625,0.5539142465430384,KYS,1,2,63,780,0.771661805,4.69,5.85,16.57,3.718,6352.844,96.85,1841.5,99.52075511,213.0512098,1.62452969258617,0.64031228338169,-0.564609795420682,6.3,0.5,1.524390243902439
KYS_1_2017,2.2062952226483343,0.590286314193184,KYS,1,3,63,780,0.771661805,4.69,5.85,16.57,3.718,6352.844,96.85,1841.5,99.52075511,213.0512098,1.62452969258617,0.64031228338169,-0.564609795420682,6.3,0.45,0.9574468085106383
KYS_2_2014,1.8968870469225667,0.542509064709984,KYS,2,0,63,780,0.771661805,4.69,5.85,16.57,3.718,6352.844,96.85,1841.5,99.52075511,213.0512098,1.62452969258617,0.64031228338169,-0.564609795420682,6.3,0.45,1.1688311688311688
KYS_2_2015,2.3065733879897,0.6295986285440207,KYS,2,1,63,780,0.771661805,4.69,5.85,16.57,3.718,6352.844,96.85,1841.5,99.52075511,213.0512098,1.62452969258617,0.64031228338169,-0.564609795420682,6.3,0.35,0.6445672191528544
KYS_2_2016,2.6980590444318038,0.696956587071939,KYS,2,2,63,780,0.771661805,4.69,5.85,16.57,3.718,6352.844,96.85,1841.5,99.52075511,213.0512098,1.62452969258617,0.64031228338169,-0.564609795420682,6.3,0.3,0.3546099290780142
KYS_2_2017,2.569933128551678,0.6920380384141629,KYS,2,3,63,780,0.771661805,4.69,5.85,16.57,3.718,6352.844,96.85,1841.5,99.52075511,213.0512098,1.62452969258617,0.64031228338169,-0.564609795420682,6.3,0.3,0.3171247357293869
KYS_3_2014,2.1099170648095993,0.6401764257730188,KYS,3,0,63,780,0.771661805,4.69,5.85,16.57,3.718,6352.844,96.85,1841.5,99.52075511,213.0512098,1.62452969258617,0.64031228338169,-0.564609795420682,6.3,0.45,1.0067114093959733
KYS_3_2015,2.67394862357184,0.7520919407400197,KYS,3,1,63,780,0.771661805,4.69,5.85,16.57,3.718,6352.844,96.85,1841.5,99.52075511,213.0512098,1.62452969258617,0.64031228338169,-0.564609795420682,6.3,0.2,0.41841004184100417
KYS_3_2016,2.7015891091898907,0.7661125657263743,KYS,3,2,63,780,0.771661805,4.69,5.85,16.57,3.718,6352.844,96.85,1841.5,99.52075511,213.0512098,1.62452969258617,0.64031228338169,-0.564609795420682,6.3,0.17,0.21601016518424396
KYS_3_2017,2.772375901568838,0.751549606338318,KYS,3,3,63,780,0.771661805,4.69,5.85,16.57,3.718,6352.844,96.85,1841.5,99.52075511,213.0512098,1.62452969258617,0.64031228338169,-0.564609795420682,6.3,0.2,0.3937007874015748
KYS_4_2014,1.641252094431076,0.5390835929126347,KYS,4,0,63,780,0.771661805,4.69,5.85,16.57,3.718,6352.844,96.85,1841.5,99.52075511,213.0512098,1.62452969258617,0.64031228338169,-0.564609795420682,6.3,0.6,1.5957446808510638
KYS_4_2015,2.748085956284942,0.7859516697662623,KYS,4,1,63,780,0.771661805,4.69,5.85,16.57,3.718,6352.844,96.85,1841.5,99.52075511,213.0512098,1.62452969258617,0.64031228338169,-0.564609795420682,6.3,0.15,0.30927835051546393
KYS_4_2016,2.969721364194298,0.7895674978321869,KYS,4,2,63,780,0.771661805,4.69,5.85,16.57,3.718,6352.844,96.85,1841.5,99.52075511,213.0512098,1.62452969258617,0.64031228338169,-0.564609795420682,6.3,0.1,0.10857763300760044
KYS_4_2017,2.905079174731103,0.7631564874842333,KYS,4,3,63,780,0.771661805,4.69,5.85,16.57,3.718,6352.844,96.85,1841.5,99.52075511,213.0512098,1.62452969258617,0.64031228338169,-0.564609795420682,6.3,0.25,0.34435261707988984
KYS_5_2014,1.3002380825127897,0.45892699370506373,KYS,3,0,63,780,0.771661805,4.69,5.85,16.57,3.718,6352.844,96.85,1841.5,99.52075511,213.0512098,1.62452969258617,0.64031228338169,-0.564609795420682,6.3,0.65,2.3381294964028774
KYS_5_2015,1.4998211981452014,0.4550653624927416,KYS,3,1,63,780,0.771661805,4.69,5.85,16.57,3.718,6352.844,96.85,1841.5,99.52075511,213.0512098,1.62452969258617,0.64031228338169,-0.564609795420682,6.3,0.75,2.1186440677966103
KYS_5_2016,1.569069942893535,0.5076183735971637,KYS,3,2,63,780,0.771661805,4.69,5.85,16.57,3.718,6352.844,96.85,1841.5,99.52075511,213.0512098,1.62452969258617,0.64031228338169,-0.564609795420682,6.3,0.7,1.9662921348314606
KYS_5_2017,1.71699281417139,0.5152723396563412,KYS,3,3,63,780,0.771661805,4.69,5.85,16.57,3.718,6352.844,96.85,1841.5,99.52075511,213.0512098,1.62452969258617,0.64031228338169,-0.564609795420682,6.3,0.75,1.6968325791855203
KYS_6_2014,1.190400377678335,0.42015910315249283,KYS,4,0,63,780,0.771661805,4.69,5.85,16.57,3.718,6352.844,96.85,1841.5,99.52075511,213.0512098,1.62452969258617,0.64031228338169,-0.564609795420682,6.3,0.65,3.0952380952380953
KYS_6_2015,2.2234095842110397,0.6824259374343866,KYS,4,1,63,780,0.771661805,4.69,5.85,16.57,3.718,6352.844,96.85,1841.5,99.52075511,213.0512098,1.62452969258617,0.64031228338169,-0.564609795420682,6.3,0.35,0.849514563106796
KYS_6_2016,3.0164302755594665,0.8070350201109665,KYS,4,2,63,780,0.771661805,4.69,5.85,16.57,3.718,6352.844,96.85,1841.5,99.52075511,213.0512098,1.62452969258617,0.64031228338169,-0.564609795420682,6.3,0.2,0.3780718336483932
KYS_6_2017,2.3451646080807276,0.6447035218148971,KYS,4,3,63,780,0.771661805,4.69,5.85,16.57,3.718,6352.844,96.85,1841.5,99.52075511,213.0512098,1.62452969258617,0.64031228338169,-0.564609795420682,6.3,0.6,0.9287925696594427
LET_1_2014,2.7556394039082863,0.7080592609186181,LET,1,0,83,672,0.790800645,7.23,7.87,12.29,20.236,4007.935,97.8,3936.6,219.5124022,145.2663133,0.0400773837874314,1.21641847888886,0.470009825626944,8.3,0.25,0.2870264064293915
LET_1_2015,2.663269983936002,0.6996338632839221,LET,1,1,83,672,0.790800645,7.23,7.87,12.29,20.236,4007.935,97.8,3936.6,219.5124022,145.2663133,0.0400773837874314,1.21641847888886,0.470009825626944,8.3,0.3,0.3658536585365853
LET_1_2016,2.678981372503718,0.6958126413942773,LET,1,2,83,672,0.790800645,7.23,7.87,12.29,20.236,4007.935,97.8,3936.6,219.5124022,145.2663133,0.0400773837874314,1.21641847888886,0.470009825626944,8.3,0.3,0.37593984962406013
LET_1_2017,3.0530047194055294,0.7929578383045692,LET,1,3,83,672,0.790800645,7.23,7.87,12.29,20.236,4007.935,97.8,3936.6,219.5124022,145.2663133,0.0400773837874314,1.21641847888886,0.470009825626944,8.3,0.15,0.16411378555798686
LET_2_2014,2.913502287111696,0.7447559186306042,LET,2,0,83,672,0.790800645,7.23,7.87,12.29,20.236,4007.935,97.8,3936.6,219.5124022,145.2663133,0.0400773837874314,1.21641847888886,0.470009825626944,8.3,0.2,0.21739130434782608
LET_2_2015,2.4540226407376124,0.6608253715446243,LET,2,1,83,672,0.790800645,7.23,7.87,12.29,20.236,4007.935,97.8,3936.6,219.5124022,145.2663133,0.0400773837874314,1.21641847888886,0.470009825626944,8.3,0.4,0.5594405594405595
LET_2_2016,2.79375610972727,0.7339122176539048,LET,2,2,83,672,0.790800645,7.23,7.87,12.29,20.236,4007.935,97.8,3936.6,219.5124022,145.2663133,0.0400773837874314,1.21641847888886,0.470009825626944,8.3,0.25,0.32679738562091504
LET_2_2017,3.0598038776001406,0.8239516623453147,LET,2,3,83,672,0.790800645,7.23,7.87,12.29,20.236,4007.935,97.8,3936.6,219.5124022,145.2663133,0.0400773837874314,1.21641847888886,0.470009825626944,8.3,0.1,0.1107419712070875
LET_3_2014,2.713880907052052,0.6803438859048652,LET,3,0,83,672,0.790800645,7.23,7.87,12.29,20.236,4007.935,97.8,3936.6,219.5124022,145.2663133,0.0400773837874314,1.21641847888886,0.470009825626944,8.3,0.35,0.42067307692307687
LET_3_2015,2.764116757983299,0.7544889440862659,LET,3,1,83,672,0.790800645,7.23,7.87,12.29,20.236,4007.935,97.8,3936.6,219.5124022,145.2663133,0.0400773837874314,1.21641847888886,0.470009825626944,8.3,0.08,0.0823045267489712
LET_3_2016,2.989802534131442,0.7999108641133975,LET,3,2,83,672,0.790800645,7.23,7.87,12.29,20.236,4007.935,97.8,3936.6,219.5124022,145.2663133,0.0400773837874314,1.21641847888886,0.470009825626944,8.3,0.03,0.03444316877152698
LET_3_2017,2.887049057344138,0.76292399077125606,LET,3,3,83,672,0.790800645,7.23,7.87,12.29,20.236,4007.935,97.8,3936.6,219.5124022,145.2663133,0.0400773837874314,1.21641847888886,0.470009825626944,8.3,0.005,0.00544069640914037
LET_4_2014,2.598180946977635,0.6608077747276345,LET,4,0,83,672,0.790800645,7.23,7.87,12.29,20.236,4007.935,97.8,3936.6,219.5124022,145.2663133,0.0400773837874314,1.21641847888886,0.470009825626944,8.3,0.2,0.2145922746781116
LET_4_2015,2.7172962480187506,0.7270027919874701,LET,4,1,83,672,0.790800645,7.23,7.87,12.29,20.236,4007.935,97.8,3936.6,219.5124022,145.2663133,0.0400773837874314,1.21641847888886,0.470009825626944,8.3,0.06,0.07566204287515763
LET_4_2016,3.1313940597209418,0.8133179253517763,LET,4,2,83,672,0.790800645,7.23,7.87,12.29,20.236,4007.935,97.8,3936.6,219.5124022,145.2663133,0.0400773837874314,1.21641847888886,0.470009825626944,8.3,0.01,0.010245901639344262
LET_4_2017,3.04464883696032,0.814584794243709,LET,4,3,83,672,0.790800645,7.23,7.87,12.29,20.236,4007.935,97.8,3936.6,219.5124022,145.2663133,0.0400773837874314,1.21641847888886,0.470009825626944,8.3,0.005,0.005753739930955121
LOM_0_2014,1.371798521597902,0.5348247978492391,LOM,0,0,81,693,0.665332516,7.09,7.59,7.59,259.543,2778.644,99.24,2844.6,119.6977355,89.22007683,-0.627543808076658,-0.16258646897405,1.11501720592328,8.1,0.5,1.838235294117647
LOM_0_2015,0.8629075937432579,0.33642285810946965,LOM,0,1,81,693,0.665332516,7.09,7.59,7.59,259.543,2778.644,99.24,2844.6,119.6977355,89.22007683,-0.627543808076658,-0.16258646897405,1.11501720592328,8.1,0.6,3.773584905660377
LOM_0_2016,1.4960595822710303,0.5280433912291166,LOM,0,2,81,693,0.665332516,7.09,7.59,7.59,259.543,2778.644,99.24,2844.6,119.6977355,89.22007683,-0.627543808076658,-0.16258646897405,1.11501720592328,8.1,0.7,1.7499999999999998
LOM_0_2017,1.5215136738482014,0.5618484004576157,LOM,0,3,81,693,0.665332516,7.09,7.59,7.59,259.543,2778.644,99.24,2844.6,119.6977355,89.22007683,-0.627543808076658,-0.16258646897405,1.11501720592328,8.1,0.65,1.7567567567567568
LOM_1_2014,0.9329180380697414,0.4794250333308801,LOM,1,0,81,693,0.665332516,7.09,7.59,7.59,259.543,2778.644,99.24,2844.6,119.6977355,89.22007683,-0.627543808076658,-0.16258646897405,1.11501720592328,8.1,0.6,2.4390243902439024
LOM_1_2015,0.8959633732752829,0.3605621858477951,LOM,1,1,81,693,0.665332516,7.09,7.59,7.59,259.543,2778.644,99.24,2844.6,119.6977355,89.22007683,-0.627543808076658,-0.16258646897405,1.11501720592328,8.1,0.55,2.534562211981567
LOM_1_2016,1.7847340320468286,0.6061372114262935,LOM,1,2,81,693,0.665332516,7.09,7.59,7.59,259.543,2778.644,99.24,2844.6,119.6977355,89.22007683,-0.627543808076658,-0.16258646897405,1.11501720592328,8.1,0.4,0.8547008547008547
LOM_1_2017,2.1638845671094686,0.6901255170927619,LOM,1,3,81,693,0.665332516,7.09,7.59,7.59,259.543,2778.644,99.24,2844.6,119.6977355,89.22007683,-0.627543808076658,-0.16258646897405,1.11501720592328,8.1,0.45,0.4896626768226333
LOM_2_2014,0.968401276415162,0.3418031608691827,LOM,2,0,81,693,0.665332516,7.09,7.59,7.59,259.543,2778.644,99.24,2844.6,119.6977355,89.22007683,-0.627543808076658,-0.16258646897405,1.11501720592328,8.1,0.5,3.4965034965034962
LOM_2_2015,1.0472404407624294,0.34957744722629513,LOM,2,1,81,693,0.665332516,7.09,7.59,7.59,259.543,2778.644,99.24,2844.6,119.6977355,89.22007683,-0.627543808076658,-0.16258646897405,1.11501720592328,8.1,0.5,2.5510204081632653
LOM_2_2016,1.9508823852627748,0.6311405989080496,LOM,2,2,81,693,0.665332516,7.09,7.59,7.59,259.543,2778.644,99.24,2844.6,119.6977355,89.22007683,-0.627543808076658,-0.16258646897405,1.11501720592328,8.1,0.4,1.0443864229765014
LOM_2_2017,2.153100304281098,0.677490193438721,LOM,2,3,81,693,0.665332516,7.09,7.59,7.59,259.543,2778.644,99.24,2844.6,119.6977355,89.22007683,-0.627543808076658,-0.16258646897405,1.11501720592328,8.1,0.4,0.5154639175257733
LOM_3_2014,1.1556873018041023,0.4505692474754573,LOM,3,0,81,693,0.665332516,7.09,7.59,7.59,259.543,2778.644,99.24,2844.6,119.6977355,89.22007683,-0.627543808076658,-0.16258646897405,1.11501720592328,8.1,0.6,2.4096385542168672
LOM_3_2015,1.2658786612257684,0.46745021961208105,LOM,3,1,81,693,0.665332516,7.09,7.59,7.59,259.543,2778.644,99.24,2844.6,119.6977355,89.22007683,-0.627543808076658,-0.16258646897405,1.11501720592328,8.1,0.5,1.9607843137254901
LOM_3_2016,2.474342308735484,0.7785715537941607,LOM,3,2,81,693,0.665332516,7.09,7.59,7.59,259.543,2778.644,99.24,2844.6,119.6977355,89.22007683,-0.627543808076658,-0.16258646897405,1.11501720592328,8.1,0.2,0.4192872117400419
LOM_3_2017,2.762789060772261,0.8204770831742927,LOM,3,3,81,693,0.665332516,7.09,7.59,7.59,259.543,2778.644,99.24,2844.6,119.6977355,89.22007683,-0.627543808076658,-0.16258646897405,1.11501720592328,8.1,0.3,0.2540220152413209
LOM_4_2014,0.583621889381627,0.24338923221635683,LOM,4,0,81,693,0.665332516,7.09,7.59,7.59,259.543,2778.644,99.24,2844.6,119.6977355,89.22007683,-0.627543808076658,-0.16258646897405,1.11501720592328,8.1,0.6,6.25
LOM_4_2015,0.9246694786673112,0.34145211868338304,LOM,4,1,81,693,0.665332516,7.09,7.59,7.59,259.543,2778.644,99.24,2844.6,119.6977355,89.22007683,-0.627543808076658,-0.16258646897405,1.11501720592328,8.1,0.3,2.8571428571428568
LOM_4_2016,2.0399578201823574,0.6700419727265204,LOM,4,2,81,693,0.665332516,7.09,7.59,7.59,259.543,2778.644,99.24,2844.6,119.6977355,89.22007683,-0.627543808076658,-0.16258646897405,1.11501720592328,8.1,0.3,1.0169491525423728
LOM_4_2017,2.7408616544701863,0.8058519829656975,LOM,4,3,81,693,0.665332516,7.09,7.59,7.59,259.543,2778.644,99.24,2844.6,119.6977355,89.22007683,-0.627543808076658,-0.16258646897405,1.11501720592328,8.1,0.4,0.40609137055837563
MIK_0_2014,1.6665208291761948,0.5562983194086017,MIK,0,0,96,533,0.665547911,7.52,8.29,6.11,27.832,1713.198,98.48,4500.5,124.0454962,157.9590381,-1.23210748324072,0.299492039292589,0.414194717687703,9.6,0.3,0.6097560975609756
MIK_0_2015,1.442674163131184,0.6265454282322649,MIK,0,1,96,533,0.665547911,7.52,8.29,6.11,27.832,1713.198,98.48,4500.5,124.0454962,157.9590381,-1.23210748324072,0.299492039292589,0.414194717687703,9.6,0.25,0.755287009063444
MIK_0_2016,1.9884350089480787,0.6531188551314977,MIK,0,2,96,533,0.665547911,7.52,8.29,6.11,27.832,1713.198,98.48,4500.5,124.0454962,157.9590381,-1.23210748324072,0.299492039292589,0.414194717687703,9.6,0.3,0.5681818181818181
MIK_0_2017,2.093835311721202,0.7111151993762693,MIK,0,3,96,533,0.665547911,7.52,8.29,6.11,27.832,1713.198,98.48,4500.5,124.0454962,157.9590381,-1.23210748324072,0.299492039292589,0.414194717687703,9.6,0.2,0.4228329809725159
MIK_1_2014,1.822790639318129,0.5897009396741629,MIK,1,0,96,533,0.665547911,7.52,8.29,6.11,27.832,1713.198,98.48,4500.5,124.0454962,157.9590381,-1.23210748324072,0.299492039292589,0.414194717687703,9.6,0.3,0.689655172413793
MIK_1_2015,1.9280123921550039,0.6332725186274855,MIK,1,1,96,533,0.665547911,7.52,8.29,6.11,27.832,1713.198,98.48,4500.5,124.0454962,157.9590381,-1.23210748324072,0.299492039292589,0.414194717687703,9.6,0.25,0.8620689655172413
MIK_1_2016,2.2397590287924634,0.704758052681331,MIK,1,2,96,533,0.665547911,7.52,8.29,6.11,27.832,1713.198,98.48,4500.5,124.0454962,157.9590381,-1.23210748324072,0.299492039292589,0.414194717687703,9.6,0.3,0.5928853754940712
MIK_1_2017,2.4693561404073803,0.7410577990837496,MIK,1,3,96,533,0.665547911,7.52,8.29,6.11,27.832,1713.198,98.48,4500.5,124.0454962,157.9590381,-1.23210748324072,0.299492039292589,0.414194717687703,9.6,0.1,0.18083182640144665
MIK_2_2014,1.723692660991783,0.5753827457174195,MIK,2,0,96,533,0.665547911,7.52,8.29,6.11,27.832,1713.198,98.48,4500.5,124.0454962,157.9590381,-1.23210748324072,0.299492039292589,0.414194717687703,9.6,0.3,0.7518796992481203
MIK_2_2015,2.1200546302204666,0.7200198901118495,MIK,2,1,96,533,0.665547911,7.52,8.29,6.11,27.832,1713.198,98.48,4500.5,124.0454962,157.9590381,-1.23210748324072,0.299492039292589,0.414194717687703,9.6,0.17,0.625
MIK_2_2016,2.3309380571922373,0.7154294017965862,MIK,2,2,96,533,0.665547911,7.52,8.29,6.11,27.832,1713.198,98.48,4500.5,124.0454962,157.9590381,-1.23210748324072,0.299492039292589,0.414194717687703,9.6,0.25,0.585480093676815
MIK_2_2017,2.5599308865773613,0.795287244944337,MIK,2,3,96,533,0.665547911,7.52,8.29,6.11,27.832,1713.198,98.48,4500.5,124.0454962,157.9590381,-1.23210748324072,0.299492039292589,0.414194717687703,9.6,0.03,0.05859375
MIK_3_2014,1.7709400259782608,0.6710502292257674,MIK,3,0,96,533,0.665547911,7.52,8.29,6.11,27.832,1713.198,98.48,4500.5,124.0454962,157.9590381,-1.23210748324072,0.299492039292589,0.414194717687703,9.6,0.35,0.623885918003565
MIK_3_2015,1.6128402772215493,0.6111425694024925,MIK,3,1,96,533,0.665547911,7.52,8.29,6.11,27.832,1713.198,98.48,4500.5,124.0454962,157.9590381,-1.23210748324072,0.299492039292589,0.414194717687703,9.6,0.25,0.7911392405063291
MIK_3_2016,2.1135920286728407,0.683779682927516,MIK,3,2,96,533,0.665547911,7.52,8.29,6.11,27.832,1713.198,98.48,4500.5,124.0454962,157.9590381,-1.23210748324072,0.299492039292589,0.414194717687703,9.6,0.03,0.10204081632653061
MIK_3_2017,2.397385473666002,0.7874422089852209,MIK,3,3,96,533,0.665547911,7.52,8.29,6.11,27.832,1713.198,98.48,4500.5,124.0454962,157.9590381,-1.23210748324072,0.299492039292589,0.414194717687703,9.6,0.02,0.06622516556291391
MIK_4_2014,1.6643567397669263,0.5874449035963253,MIK,4,0,96,533,0.665547911,7.52,8.29,6.11,27.832,1713.198,98.48,4500.5,124.0454962,157.9590381,-1.23210748324072,0.299492039292589,0.414194717687703,9.6,0.35,0.7070707070707071
MIK_4_2015,1.9662271124218416,0.7091665260881043,MIK,4,1,96,533,0.665547911,7.52,8.29,6.11,27.832,1713.198,98.48,4500.5,124.0454962,157.9590381,-1.23210748324072,0.299492039292589,0.414194717687703,9.6,0.07,0.18766756032171583
MIK_4_2016,2.4347879652443347,0.7876915318969552,MIK,4,2,96,533,0.665547911,7.52,8.29,6.11,27.832,1713.198,98.48,4500.5,124.0454962,157.9590381,-1.23210748324072,0.299492039292589,0.414194717687703,9.6,0.005,0.01748251748251748
MIK_4_2017,3.0563814666968967,0.8741240832366486,MIK,4,3,96,533,0.665547911,7.52,8.29,6.11,27.832,1713.198,98.48,4500.5,124.0454962,157.9590381,-1.23210748324072,0.299492039292589,0.414194717687703,9.6,0.005,0.019157088122605363
POD_1_2014,2.767099024240989,0.7501191238859939,POD,1,0,89,701,0.72601313,5.41,6.47,13.18,26.674,3277.261,99,20006.2,158.9271991,153.5538478,-0.0997066515810458,1.07496341243323,1.11079875865322,8.9,0.2,0.2773925104022192
POD_1_2015,2.513008611540313,0.6640810463132817,POD,1,1,89,701,0.72601313,5.41,6.47,13.18,26.674,3277.261,99,20006.2,158.9271991,153.5538478,-0.0997066515810458,1.07496341243323,1.11079875865322,8.9,0.07,0.10670731707317074
POD_1_2016,2.521959460025217,0.7037661871857596,POD,1,2,89,701,0.72601313,5.41,6.47,13.18,26.674,3277.261,99,20006.2,158.9271991,153.5538478,-0.0997066515810458,1.07496341243323,1.11079875865322,8.9,0.02,0.027285129604365622
POD_1_2017,2.4538857999462844,0.656528278460658,POD,1,3,89,701,0.72601313,5.41,6.47,13.18,26.674,3277.261,99,20006.2,158.9271991,153.5538478,-0.0997066515810458,1.07496341243323,1.11079875865322,8.9,0.01,0.011574074074074075
POD_2_2014,2.8774352210315164,0.7698473955418941,POD,2,0,89,701,0.72601313,5.41,6.47,13.18,26.674,3277.261,99,20006.2,158.9271991,153.5538478,-0.0997066515810458,1.07496341243323,1.11079875865322,8.9,0.15,0.15
POD_2_2015,2.615400346023512,0.6997409116177339,POD,2,1,89,701,0.72601313,5.41,6.47,13.18,26.674,3277.261,99,20006.2,158.9271991,153.5538478,-0.0997066515810458,1.07496341243323,1.11079875865322,8.9,0.03,0.05253940455341506
POD_2_2016,2.1930969597018093,0.6272250012758435,POD,2,2,89,701,0.72601313,5.41,6.47,13.18,26.674,3277.261,99,20006.2,158.9271991,153.5538478,-0.0997066515810458,1.07496341243323,1.11079875865322,8.9,0.01,0.012804097311139564
POD_2_2017,2.647276311767807,0.7082692110662376,POD,2,3,89,701,0.72601313,5.41,6.47,13.18,26.674,3277.261,99,20006.2,158.9271991,153.5538478,-0.0997066515810458,1.07496341243323,1.11079875865322,8.9,0.01,0.011723329425556858
POD_3_2014,2.789842230987003,0.7372363704982507,POD,3,0,89,701,0.72601313,5.41,6.47,13.18,26.674,3277.261,99,20006.2,158.9271991,153.5538478,-0.0997066515810458,1.07496341243323,1.11079875865322,8.9,0.15,0.2259036144578313
POD_3_2015,2.7945406315445545,0.7341183094257372,POD,3,1,89,701,0.72601313,5.41,6.47,13.18,26.674,3277.261,99,20006.2,158.9271991,153.5538478,-0.0997066515810458,1.07496341243323,1.11079875865322,8.9,0.25,0.39370078740157477
POD_3_2016,2.8945154129929054,0.7695722971281359,POD,3,2,89,701,0.72601313,5.41,6.47,13.18,26.674,3277.261,99,20006.2,158.9271991,153.5538478,-0.0997066515810458,1.07496341243323,1.11079875865322,8.9,0.2,0.267022696929239
POD_3_2017,3.0422496431004173,0.8192246140520788,POD,3,3,89,701,0.72601313,5.41,6.47,13.18,26.674,3277.261,99,20006.2,158.9271991,153.5538478,-0.0997066515810458,1.07496341243323,1.11079875865322,8.9,0.05,0.06188118811881188
POD_4_2014,2.633801576297738,0.7139841811204898,POD,4,0,89,701,0.72601313,5.41,6.47,13.18,26.674,3277.261,99,20006.2,158.9271991,153.5538478,-0.0997066515810458,1.07496341243323,1.11079875865322,8.9,0.3,0.6122448979591837
POD_4_2015,2.6270663435905868,0.6861615052273202,POD,4,1,89,701,0.72601313,5.41,6.47,13.18,26.674,3277.261,99,20006.2,158.9271991,153.5538478,-0.0997066515810458,1.07496341243323,1.11079875865322,8.9,0.35,0.7201646090534979
POD_4_2016,2.383728041706794,0.6601446223299005,POD,4,2,89,701,0.72601313,5.41,6.47,13.18,26.674,3277.261,99,20006.2,158.9271991,153.5538478,-0.0997066515810458,1.07496341243323,1.11079875865322,8.9,0.4,0.8368200836820083
POD_4_2017,2.898134090267777,0.7370962908799409,POD,4,3,89,701,0.72601313,5.41,6.47,13.18,26.674,3277.261,99,20006.2,158.9271991,153.5538478,-0.0997066515810458,1.07496341243323,1.11079875865322,8.9,0.3,0.5208333333333334
SKL_0_2014,1.884671499193648,0.6190368235889675,SKL,0,0,82,630,0.716232294,5.28,6.05,8.89,13.921,3231.694,98.96,1187.3,98.41880776,116.8091805,0.117140388824162,-0.169566228009489,-0.158759092750167,8.2,0.6,1.0507880910683012
SKL_0_2015,1.5190630917164476,0.5756082199009704,SKL,0,1,82,630,0.716232294,5.28,6.05,8.89,13.921,3231.694,98.96,1187.3,98.41880776,116.8091805,0.117140388824162,-0.169566228009489,-0.158759092750167,8.2,0.6,1.5999999999999999
SKL_0_2016,1.6502644906147357,0.6253234714136823,SKL,0,2,82,630,0.716232294,5.28,6.05,8.89,13.921,3231.694,98.96,1187.3,98.41880776,116.8091805,0.117140388824162,-0.169566228009489,-0.158759092750167,8.2,0.8,1.1577424023154848
SKL_0_2017,1.881397839920263,0.6389664901301095,SKL,0,3,82,630,0.716232294,5.28,6.05,8.89,13.921,3231.694,98.96,1187.3,98.41880776,116.8091805,0.117140388824162,-0.169566228009489,-0.158759092750167,8.2,0.65,1.0743801652892562
SKL_1_2014,1.6385418970357053,0.5469587224134081,SKL,1,0,82,630,0.716232294,5.28,6.05,8.89,13.921,3231.694,98.96,1187.3,98.41880776,116.8091805,0.117140388824162,-0.169566228009489,-0.158759092750167,8.2,0.7,1.1705685618729096
SKL_1_2015,2.0615384940482953,0.6404529426458091,SKL,1,1,82,630,0.716232294,5.28,6.05,8.89,13.921,3231.694,98.96,1187.3,98.41880776,116.8091805,0.117140388824162,-0.169566228009489,-0.158759092750167,8.2,0.5,0.5524861878453039
SKL_1_2016,2.0083251079073223,0.6319355225293471,SKL,1,2,82,630,0.716232294,5.28,6.05,8.89,13.921,3231.694,98.96,1187.3,98.41880776,116.8091805,0.117140388824162,-0.169566228009489,-0.158759092750167,8.2,0.4,0.3597122302158273
SKL_1_2017,2.5004592002232795,0.7503918779858467,SKL,1,3,82,630,0.716232294,5.28,6.05,8.89,13.921,3231.694,98.96,1187.3,98.41880776,116.8091805,0.117140388824162,-0.169566228009489,-0.158759092750167,8.2,0.35,0.3597122302158273
SKL_2_2014,1.6653267270487535,0.6492630048247361,SKL,2,0,82,630,0.716232294,5.28,6.05,8.89,13.921,3231.694,98.96,1187.3,98.41880776,116.8091805,0.117140388824162,-0.169566228009489,-0.158759092750167,8.2,0.5,0.7092198581560284
SKL_2_2015,1.6476461195332368,0.5700464360793923,SKL,2,1,82,630,0.716232294,5.28,6.05,8.89,13.921,3231.694,98.96,1187.3,98.41880776,116.8091805,0.117140388824162,-0.169566228009489,-0.158759092750167,8.2,0.5,0.6150061500615006
SKL_2_2016,1.6138171441063631,0.5820614976759599,SKL,2,2,82,630,0.716232294,5.28,6.05,8.89,13.921,3231.694,98.96,1187.3,98.41880776,116.8091805,0.117140388824162,-0.169566228009489,-0.158759092750167,8.2,0.6,0.54005400540054
SKL_2_2017,2.150672948680387,0.7179122672831285,SKL,2,3,82,630,0.716232294,5.28,6.05,8.89,13.921,3231.694,98.96,1187.3,98.41880776,116.8091805,0.117140388824162,-0.169566228009489,-0.158759092750167,8.2,0.3,0.33076074972436603
SKL_3_2014,1.7654418509224854,0.5893189676886751,SKL,3,0,82,630,0.716232294,5.28,6.05,8.89,13.921,3231.694,98.96,1187.3,98.41880776,116.8091805,0.117140388824162,-0.169566228009489,-0.158759092750167,8.2,0.6,1.4285714285714284
SKL_3_2015,1.922527521609771,0.6417554527758177,SKL,3,1,82,630,0.716232294,5.28,6.05,8.89,13.921,3231.694,98.96,1187.3,98.41880776,116.8091805,0.117140388824162,-0.169566228009489,-0.158759092750167,8.2,0.5,0.9960159362549801
SKL_3_2016,2.371971739280737,0.7280237744953821,SKL,3,2,82,630,0.716232294,5.28,6.05,8.89,13.921,3231.694,98.96,1187.3,98.41880776,116.8091805,0.117140388824162,-0.169566228009489,-0.158759092750167,8.2,0.3,0.31746031746031744
SKL_3_2017,3.008884967980636,0.8762073906538492,SKL,3,3,82,630,0.716232294,5.28,6.05,8.89,13.921,3231.694,98.96,1187.3,98.41880776,116.8091805,0.117140388824162,-0.169566228009489,-0.158759092750167,8.2,0.15,0.1744186046511628
SKL_4_2014,1.7434058731084898,0.5921012068662539,SKL,4,0,82,630,0.716232294,5.28,6.05,8.89,13.921,3231.694,98.96,1187.3,98.41880776,116.8091805,0.117140388824162,-0.169566228009489,-0.158759092750167,8.2,0.7,1.0057471264367814
SKL_4_2015,1.9927925729899991,0.6355593203987044,SKL,4,1,82,630,0.716232294,5.28,6.05,8.89,13.921,3231.694,98.96,1187.3,98.41880776,116.8091805,0.117140388824162,-0.169566228009489,-0.158759092750167,8.2,0.4,0.5326231691078562
SKL_4_2016,2.7245407088608617,0.8266612759156153,SKL,4,2,82,630,0.716232294,5.28,6.05,8.89,13.921,3231.694,98.96,1187.3,98.41880776,116.8091805,0.117140388824162,-0.169566228009489,-0.158759092750167,8.2,0.2,0.24009603841536614
SKL_4_2017,2.954132971197733,0.8963225703519552,SKL,4,3,82,630,0.716232294,5.28,6.05,8.89,13.921,3231.694,98.96,1187.3,98.41880776,116.8091805,0.117140388824162,-0.169566228009489,-0.158759092750167,8.2,0.03,0.0335195530726257
SVI_1_2012,1.1334625228248603,0.37835908529976064,SVI,1,0,81,593,0.641640426,5.9,4.35,9.07,15.251,4135.029,97.29,1160.31,122.96,329.64,-0.119460680752389,0.175293071850575,-1.08387643604901,8.1,0.9,2.980132450331126
SVI_1_2013,1.7971378187816873,0.5393239860560647,SVI,1,1,81,593,0.641640426,5.9,4.35,9.07,15.251,4135.029,97.29,1160.31,122.96,329.64,-0.119460680752389,0.175293071850575,-1.08387643604901,8.1,0.7,1.4861995753715498
SVI_1_2014,1.8454100868428798,0.548039192282756,SVI,1,2,81,593,0.641640426,5.9,4.35,9.07,15.251,4135.029,97.29,1160.31,122.96,329.64,-0.119460680752389,0.175293071850575,-1.08387643604901,8.1,0.65,1.4099783080260304
SVI_1_2015,1.5107477501497668,0.4693401772376931,SVI,1,3,81,593,0.641640426,5.9,4.35,9.07,15.251,4135.029,97.29,1160.31,122.96,329.64,-0.119460680752389,0.175293071850575,-1.08387643604901,8.1,0.7,1.9718309859154926
SVI_2_2012,0.8411755824430076,0.31062037996955844,SVI,2,0,81,593,0.641640426,5.9,4.35,9.07,15.251,4135.029,97.29,1160.31,122.96,329.64,-0.119460680752389,0.175293071850575,-1.08387643604901,8.1,0.9,4.712041884816754
SVI_2_2013,1.6520788829201387,0.5344730484452613,SVI,2,1,81,593,0.641640426,5.9,4.35,9.07,15.251,4135.029,97.29,1160.31,122.96,329.64,-0.119460680752389,0.175293071850575,-1.08387643604901,8.1,0.6,1.4251781472684086
SVI_2_2014,2.274091453380778,0.650389399537576,SVI,2,2,81,593,0.641640426,5.9,4.35,9.07,15.251,4135.029,97.29,1160.31,122.96,329.64,-0.119460680752389,0.175293071850575,-1.08387643604901,8.1,0.35,0.6151142355008786
SVI_2_2015,1.7317470878823027,0.5142842135997474,SVI,2,3,81,593,0.641640426,5.9,4.35,9.07,15.251,4135.029,97.29,1160.31,122.96,329.64,-0.119460680752389,0.175293071850575,-1.08387643604901,8.1,0.6,1.5915119363395225
SVI_3_2012,1.162567747774862,0.3658112196443128,SVI,3,0,81,593,0.641640426,5.9,4.35,9.07,15.251,4135.029,97.29,1160.31,122.96,329.64,-0.119460680752389,0.175293071850575,-1.08387643604901,8.1,0.85,3.1249999999999996
SVI_3_2013,2.0104698065602027,0.5854622300089874,SVI,3,1,81,593,0.641640426,5.9,4.35,9.07,15.251,4135.029,97.29,1160.31,122.96,329.64,-0.119460680752389,0.175293071850575,-1.08387643604901,8.1,0.5,0.970873786407767
SVI_3_2014,2.3345475691648963,0.6933004069245302,SVI,3,2,81,593,0.641640426,5.9,4.35,9.07,15.251,4135.029,97.29,1160.31,122.96,329.64,-0.119460680752389,0.175293071850575,-1.08387643604901,8.1,0.05,0.05773672055427252
SVI_3_2015,2.2544240466548393,0.6695057875755143,SVI,3,3,81,593,0.641640426,5.9,4.35,9.07,15.251,4135.029,97.29,1160.31,122.96,329.64,-0.119460680752389,0.175293071850575,-1.08387643604901,8.1,0.2,0.2296211251435132
SVI_4_2012,1.2989019527820174,0.4087098652573196,SVI,4,0,81,593,0.641640426,5.9,4.35,9.07,15.251,4135.029,97.29,1160.31,122.96,329.64,-0.119460680752389,0.175293071850575,-1.08387643604901,8.1,0.85,2.4495677233429394
SVI_4_2013,2.407005426517057,0.7906019665655423,SVI,4,1,81,593,0.641640426,5.9,4.35,9.07,15.251,4135.029,97.29,1160.31,122.96,329.64,-0.119460680752389,0.175293071850575,-1.08387643604901,8.1,0.08,0.23529411764705882
SVI_4_2014,2.59052056493561,0.7774194402009867,SVI,4,2,81,593,0.641640426,5.9,4.35,9.07,15.251,4135.029,97.29,1160.31,122.96,329.64,-0.119460680752389,0.175293071850575,-1.08387643604901,8.1,0,0
SVI_4_2015,2.6311278639603914,0.7591830242560855,SVI,4,3,81,593,0.641640426,5.9,4.35,9.07,15.251,4135.029,97.29,1160.31,122.96,329.64,-0.119460680752389,0.175293071850575,-1.08387643604901,8.1,0.01,0.011148272017837236
SVK_0_2014,1.1153713907542646,0.5076273960609309,SVK,0,0,78,620,0.83677046,4.69,5.59,8.95,12.441,3353.378,98.64,1100.9,81.04232134,206.8167765,0.456870155924881,-0.0347741731268564,-0.428606131500042,7.8,0.8,2.4844720496894412
SVK_0_2015,1.060252909129701,0.5448622124944593,SVK,0,1,78,620,0.83677046,4.69,5.59,8.95,12.441,3353.378,98.64,1100.9,81.04232134,206.8167765,0.456870155924881,-0.0347741731268564,-0.428606131500042,7.8,0.5,1.9920318725099602
SVK_0_2016,1.170758207277505,0.5084538290635638,SVK,0,2,78,620,0.83677046,4.69,5.59,8.95,12.441,3353.378,98.64,1100.9,81.04232134,206.8167765,0.456870155924881,-0.0347741731268564,-0.428606131500042,7.8,0.8,2.15633423180593
SVK_0_2017,1.071788675170638,0.5154214021832105,SVK,0,3,78,620,0.83677046,4.69,5.59,8.95,12.441,3353.378,98.64,1100.9,81.04232134,206.8167765,0.456870155924881,-0.0347741731268564,-0.428606131500042,7.8,0.5,2.040816326530612
SVK_1_2014,0.5049159784908498,0.24281325941144918,SVK,1,0,78,620,0.83677046,4.69,5.59,8.95,12.441,3353.378,98.64,1100.9,81.04232134,206.8167765,0.456870155924881,-0.0347741731268564,-0.428606131500042,7.8,0.8,8.88888888888889
SVK_1_2015,0.6857731460088791,0.3827372801910355,SVK,1,1,78,620,0.83677046,4.69,5.59,8.95,12.441,3353.378,98.64,1100.9,81.04232134,206.8167765,0.456870155924881,-0.0347741731268564,-0.428606131500042,7.8,0.75,4.6875
SVK_1_2016,1.2037000669406748,0.4341430293232562,SVK,1,2,78,620,0.83677046,4.69,5.59,8.95,12.441,3353.378,98.64,1100.9,81.04232134,206.8167765,0.456870155924881,-0.0347741731268564,-0.428606131500042,7.8,0.8,2
SVK_1_2017,1.6508549286645062,0.5711566078496857,SVK,1,3,78,620,0.83677046,4.69,5.59,8.95,12.441,3353.378,98.64,1100.9,81.04232134,206.8167765,0.456870155924881,-0.0347741731268564,-0.428606131500042,7.8,0.6,0.9463722397476341
SVK_2_2014,1.165208671227868,0.42026019289531596,SVK,2,0,78,620,0.83677046,4.69,5.59,8.95,12.441,3353.378,98.64,1100.9,81.04232134,206.8167765,0.456870155924881,-0.0347741731268564,-0.428606131500042,7.8,0.8,2.5974025974025974
SVK_2_2015,1.3752448278742104,0.4758020569904889,SVK,2,1,78,620,0.83677046,4.69,5.59,8.95,12.441,3353.378,98.64,1100.9,81.04232134,206.8167765,0.456870155924881,-0.0347741731268564,-0.428606131500042,7.8,0.5,1.9305019305019304
SVK_2_2016,1.7831224944408968,0.5686894542436587,SVK,2,2,78,620,0.83677046,4.69,5.59,8.95,12.441,3353.378,98.64,1100.9,81.04232134,206.8167765,0.456870155924881,-0.0347741731268564,-0.428606131500042,7.8,0.7,1.5384615384615383
SVK_2_2017,2.295464209524779,0.6888725474427996,SVK,2,3,78,620,0.83677046,4.69,5.59,8.95,12.441,3353.378,98.64,1100.9,81.04232134,206.8167765,0.456870155924881,-0.0347741731268564,-0.428606131500042,7.8,0.4,0.6230529595015577
SVK_3_2014,0.7138885338023337,0.36686613415779107,SVK,3,0,78,620,0.83677046,4.69,5.59,8.95,12.441,3353.378,98.64,1100.9,81.04232134,206.8167765,0.456870155924881,-0.0347741731268564,-0.428606131500042,7.8,0.7,4.216867469879517
SVK_3_2015,0.8059727388777858,0.3142255953448671,SVK,3,1,78,620,0.83677046,4.69,5.59,8.95,12.441,3353.378,98.64,1100.9,81.04232134,206.8167765,0.456870155924881,-0.0347741731268564,-0.428606131500042,7.8,0.6,3.75
SVK_3_2016,1.5342828327572178,0.5533755585349772,SVK,3,2,78,620,0.83677046,4.69,5.59,8.95,12.441,3353.378,98.64,1100.9,81.04232134,206.8167765,0.456870155924881,-0.0347741731268564,-0.428606131500042,7.8,0.5,1.1415525114155252
SVK_3_2017,1.9673097927495995,0.6038218235068847,SVK,3,3,78,620,0.83677046,4.69,5.59,8.95,12.441,3353.378,98.64,1100.9,81.04232134,206.8167765,0.456870155924881,-0.0347741731268564,-0.428606131500042,7.8,0.25,0.3720238095238096
SVK_4_2014,0.7522451187388687,0.4198359945394674,SVK,4,0,78,620,0.83677046,4.69,5.59,8.95,12.441,3353.378,98.64,1100.9,81.04232134,206.8167765,0.456870155924881,-0.0347741731268564,-0.428606131500042,7.8,0.7,3.3018867924528297
SVK_4_2015,1.2521451900442657,0.5221851030145275,SVK,4,1,78,620,0.83677046,4.69,5.59,8.95,12.441,3353.378,98.64,1100.9,81.04232134,206.8167765,0.456870155924881,-0.0347741731268564,-0.428606131500042,7.8,0.6,1.6997167138810199
SVK_4_2016,1.6555246947715265,0.6113345661382893,SVK,4,2,78,620,0.83677046,4.69,5.59,8.95,12.441,3353.378,98.64,1100.9,81.04232134,206.8167765,0.456870155924881,-0.0347741731268564,-0.428606131500042,7.8,0.5,0.8025682182985554
SVK_4_2017,2.0362140227793892,0.6915456686950374,SVK,4,3,78,620,0.83677046,4.69,5.59,8.95,12.441,3353.378,98.64,1100.9,81.04232134,206.8167765,0.456870155924881,-0.0347741731268564,-0.428606131500042,7.8,0.2,0.21505376344086022
VCL_0_2014,2.1085471762143406,0.8220619132617553,VCL,0,0,76,735,0.711224254,6.53,7.19,9.42,173.224,3195.105,97.94,1578.2,112.7273412,96.33063706,-0.108918644684699,-0.148712907441839,1.115340573586,7.6,0.15,0.13100436681222707
VCL_0_2015,1.376649999118675,0.5978714981293569,VCL,0,1,76,735,0.711224254,6.53,7.19,9.42,173.224,3195.105,97.94,1578.2,112.7273412,96.33063706,-0.108918644684699,-0.148712907441839,1.115340573586,7.6,0.2,0.34071550255536626
VCL_0_2016,2.082140609219365,0.7688707574076389,VCL,0,2,76,735,0.711224254,6.53,7.19,9.42,173.224,3195.105,97.94,1578.2,112.7273412,96.33063706,-0.108918644684699,-0.148712907441839,1.115340573586,7.6,0.25,0.2747252747252747
VCL_0_2017,2.0654737318483427,0.6784228968904643,VCL,0,3,76,735,0.711224254,6.53,7.19,9.42,173.224,3195.105,97.94,1578.2,112.7273412,96.33063706,-0.108918644684699,-0.148712907441839,1.115340573586,7.6,0.4,0.3463203463203463
VCL_1_2014,2.1717407111957074,0.7832898885346794,VCL,1,0,76,735,0.711224254,6.53,7.19,9.42,173.224,3195.105,97.94,1578.2,112.7273412,96.33063706,-0.108918644684699,-0.148712907441839,1.115340573586,7.6,0.2,0.19782393669634024
VCL_1_2015,1.826001033127806,0.6201524453547141,VCL,1,1,76,735,0.711224254,6.53,7.19,9.42,173.224,3195.105,97.94,1578.2,112.7273412,96.33063706,-0.108918644684699,-0.148712907441839,1.115340573586,7.6,0.4,0.48426150121065376
VCL_1_2016,2.0786245875257467,0.6724671753593644,VCL,1,2,76,735,0.711224254,6.53,7.19,9.42,173.224,3195.105,97.94,1578.2,112.7273412,96.33063706,-0.108918644684699,-0.148712907441839,1.115340573586,7.6,0.4,0.4291845493562232
VCL_1_2017,2.2256305221094816,0.755875919948441,VCL,1,3,76,735,0.711224254,6.53,7.19,9.42,173.224,3195.105,97.94,1578.2,112.7273412,96.33063706,-0.108918644684699,-0.148712907441839,1.115340573586,7.6,0.2,0.21505376344086022
VCL_2_2014,2.161776574141611,0.7796960857560087,VCL,2,0,76,735,0.711224254,6.53,7.19,9.42,173.224,3195.105,97.94,1578.2,112.7273412,96.33063706,-0.108918644684699,-0.148712907441839,1.115340573586,7.6,0.3,0.3386004514672686
VCL_2_2015,1.8707300282284223,0.6602856195609191,VCL,2,1,76,735,0.711224254,6.53,7.19,9.42,173.224,3195.105,97.94,1578.2,112.7273412,96.33063706,-0.108918644684699,-0.148712907441839,1.115340573586,7.6,0.6,0.9646302250803859
VCL_2_2016,2.2202602600162433,0.7292638847084565,VCL,2,2,76,735,0.711224254,6.53,7.19,9.42,173.224,3195.105,97.94,1578.2,112.7273412,96.33063706,-0.108918644684699,-0.148712907441839,1.115340573586,7.6,0.4,0.4932182490752158
VCL_2_2017,2.3455043519168317,0.7965878622422107,VCL,2,3,76,735,0.711224254,6.53,7.19,9.42,173.224,3195.105,97.94,1578.2,112.7273412,96.33063706,-0.108918644684699,-0.148712907441839,1.115340573586,7.6,0.2,0.2098635886673662
VCL_3_2014,2.1669485936645647,0.7648377762340401,VCL,3,0,76,735,0.711224254,6.53,7.19,9.42,173.224,3195.105,97.94,1578.2,112.7273412,96.33063706,-0.108918644684699,-0.148712907441839,1.115340573586,7.6,0.4,0.40816326530612246
VCL_3_2015,1.804760351936171,0.6370012183241931,VCL,3,1,76,735,0.711224254,6.53,7.19,9.42,173.224,3195.105,97.94,1578.2,112.7273412,96.33063706,-0.108918644684699,-0.148712907441839,1.115340573586,7.6,0.6,1.079136690647482
VCL_3_2016,2.122584539584841,0.7655605472816585,VCL,3,2,76,735,0.711224254,6.53,7.19,9.42,173.224,3195.105,97.94,1578.2,112.7273412,96.33063706,-0.108918644684699,-0.148712907441839,1.115340573586,7.6,0.4,0.5263157894736842
VCL_3_2017,2.414478713999721,0.805972795137431,VCL,3,3,76,735,0.711224254,6.53,7.19,9.42,173.224,3195.105,97.94,1578.2,112.7273412,96.33063706,-0.108918644684699,-0.148712907441839,1.115340573586,7.6,0.2,0.21030494216614093
VCL_4_2014,2.189538456970172,0.7728110068250221,VCL,4,0,76,735,0.711224254,6.53,7.19,9.42,173.224,3195.105,97.94,1578.2,112.7273412,96.33063706,-0.108918644684699,-0.148712907441839,1.115340573586,7.6,0.4,0.42283298097251587
VCL_4_2015,1.9620556683744639,0.692519563516334,VCL,4,1,76,735,0.711224254,6.53,7.19,9.42,173.224,3195.105,97.94,1578.2,112.7273412,96.33063706,-0.108918644684699,-0.148712907441839,1.115340573586,7.6,0.4,0.542740841248304
VCL_4_2016,2.0891592805441634,0.7227995066159983,VCL,4,2,76,735,0.711224254,6.53,7.19,9.42,173.224,3195.105,97.94,1578.2,112.7273412,96.33063706,-0.108918644684699,-0.148712907441839,1.115340573586,7.6,0.4,0.54421768707483
VCL_4_2017,2.3533175043773804,0.8306178245681333,VCL,4,3,76,735,0.711224254,6.53,7.19,9.42,173.224,3195.105,97.94,1578.2,112.7273412,96.33063706,-0.108918644684699,-0.148712907441839,1.115340573586,7.6,0.1,0.12180267965895251
ZUB_0_2014,1.7318340437324664,0.639513271588388,ZUB,0,0,71,683,0.618990511,5.03,5.92,12.16,9.975,5239.779,97.9,898,68.12672001,80.77846295,0.736118218232125,-0.353964590643201,-0.495495256483495,7.1,0.45,0.6569343065693432
ZUB_0_2015,1.7139898469593513,0.64947048619411,ZUB,0,1,71,683,0.618990511,5.03,5.92,12.16,9.975,5239.779,97.9,898,68.12672001,80.77846295,0.736118218232125,-0.353964590643201,-0.495495256483495,7.1,0.2,0.2793296089385475
ZUB_0_2016,1.962400745393189,0.7246544929611968,ZUB,0,2,71,683,0.618990511,5.03,5.92,12.16,9.975,5239.779,97.9,898,68.12672001,80.77846295,0.736118218232125,-0.353964590643201,-0.495495256483495,7.1,0.25,0.2808988764044944
ZUB_1_2014,1.7511160122209535,0.7605000212799873,ZUB,1,0,71,683,0.618990511,5.03,5.92,12.16,9.975,5239.779,97.9,898,68.12672001,80.77846295,0.736118218232125,-0.353964590643201,-0.495495256483495,7.1,0.45,0.5617977528089887
ZUB_1_2015,1.991534463530605,0.7029242847908489,ZUB,1,1,71,683,0.618990511,5.03,5.92,12.16,9.975,5239.779,97.9,898,68.12672001,80.77846295,0.736118218232125,-0.353964590643201,-0.495495256483495,7.1,0.25,0.2986857825567503
ZUB_1_2016,1.9489422951134554,0.7196846994639212,ZUB,1,2,71,683,0.618990511,5.03,5.92,12.16,9.975,5239.779,97.9,898,68.12672001,80.77846295,0.736118218232125,-0.353964590643201,-0.495495256483495,7.1,0.2,0.2244668911335578
ZUB_2_2014,1.6994565155864803,0.6439634700297473,ZUB,2,0,71,683,0.618990511,5.03,5.92,12.16,9.975,5239.779,97.9,898,68.12672001,80.77846295,0.736118218232125,-0.353964590643201,-0.495495256483495,7.1,0.6,0.9966777408637874
ZUB_2_2015,2.061264042432422,0.7434438529949983,ZUB,2,1,71,683,0.618990511,5.03,5.92,12.16,9.975,5239.779,97.9,898,68.12672001,80.77846295,0.736118218232125,-0.353964590643201,-0.495495256483495,7.1,0.2,0.3053435114503817
ZUB_2_2016,2.1515746622520875,0.7307248265206672,ZUB,2,2,71,683,0.618990511,5.03,5.92,12.16,9.975,5239.779,97.9,898,68.12672001,80.77846295,0.736118218232125,-0.353964590643201,-0.495495256483495,7.1,0.15,0.18137847642079805
ZUB_3_2014,1.4381024340872943,0.5997352972004539,ZUB,3,0,71,683,0.618990511,5.03,5.92,12.16,9.975,5239.779,97.9,898,68.12672001,80.77846295,0.736118218232125,-0.353964590643201,-0.495495256483495,7.1,0.7,1.4285714285714286
ZUB_3_2015,2.113105072292908,0.7621415521685733,ZUB,3,1,71,683,0.618990511,5.03,5.92,12.16,9.975,5239.779,97.9,898,68.12672001,80.77846295,0.736118218232125,-0.353964590643201,-0.495495256483495,7.1,0.25,0.34916201117318435
ZUB_3_2016,2.165284028411164,0.7491368618918504,ZUB,3,2,71,683,0.618990511,5.03,5.92,12.16,9.975,5239.779,97.9,898,68.12672001,80.77846295,0.736118218232125,-0.353964590643201,-0.495495256483495,7.1,0.15,0.22058823529411767
ZUB_4_2014,1.5632622508880833,0.6291030091699634,ZUB,4,0,71,683,0.618990511,5.03,5.92,12.16,9.975,5239.779,97.9,898,68.12672001,80.77846295,0.736118218232125,-0.353964590643201,-0.495495256483495,7.1,0.55,1.131687242798354
ZUB_4_2015,2.2718219406792786,0.8018534662930775,ZUB,4,1,71,683,0.618990511,5.03,5.92,12.16,9.975,5239.779,97.9,898,68.12672001,80.77846295,0.736118218232125,-0.353964590643201,-0.495495256483495,7.1,0.1,0.12562814070351758
ZUB_4_2016,2.1693933374059635,0.7367764632772626,ZUB,4,2,71,683,0.618990511,5.03,5.92,12.16,9.975,5239.779,97.9,898,68.12672001,80.77846295,0.736118218232125,-0.353964590643201,-0.495495256483495,7.1,0.05,0.12285012285012287
