site,treatment,year,n,CHELSA_bio10_01,prec,hli,soil_Ph,soil_Ph2,soil_ZZ,soil_P,soil_TN,soil_susina,soil_Ca,soil_K,soil_Mg,PC1,PC2,PC3,temp
ADA,1,0,17,98,535,0.607238514,7.36,8.39,4.59,27.996,1404.419,98.98,4100.5,92.78151218,158.3571717,-1.40701128736005,-0.10127527743023,0.184745269886119,53.5
ADA,1,1,24,98,535,0.607238514,7.36,8.39,4.59,27.996,1404.419,98.98,4100.5,92.78151218,158.3571717,-1.40701128736005,-0.10127527743023,0.184745269886119,53.5
ADA,1,2,25,98,535,0.607238514,7.36,8.39,4.59,27.996,1404.419,98.98,4100.5,92.78151218,158.3571717,-1.40701128736005,-0.10127527743023,0.184745269886119,53.5
ADA,1,3,31,98,535,0.607238514,7.36,8.39,4.59,27.996,1404.419,98.98,4100.5,92.78151218,158.3571717,-1.40701128736005,-0.10127527743023,0.184745269886119,53.5
ADA,0,0,16,98,535,0.607238514,7.36,8.39,4.59,27.996,1404.419,98.98,4100.5,92.78151218,158.3571717,-1.40701128736005,-0.10127527743023,0.184745269886119,53.5
ADA,0,1,23,98,535,0.607238514,7.36,8.39,4.59,27.996,1404.419,98.98,4100.5,92.78151218,158.3571717,-1.40701128736005,-0.10127527743023,0.184745269886119,53.5
ADA,0,2,22,98,535,0.607238514,7.36,8.39,4.59,27.996,1404.419,98.98,4100.5,92.78151218,158.3571717,-1.40701128736005,-0.10127527743023,0.184745269886119,53.5
ADA,0,3,22,98,535,0.607238514,7.36,8.39,4.59,27.996,1404.419,98.98,4100.5,92.78151218,158.3571717,-1.40701128736005,-0.10127527743023,0.184745269886119,53.5
ADA,2,0,24,98,535,0.607238514,7.36,8.39,4.59,27.996,1404.419,98.98,4100.5,92.78151218,158.3571717,-1.40701128736005,-0.10127527743023,0.184745269886119,53.5
ADA,2,1,27,98,535,0.607238514,7.36,8.39,4.59,27.996,1404.419,98.98,4100.5,92.78151218,158.3571717,-1.40701128736005,-0.10127527743023,0.184745269886119,53.5
ADA,2,2,32,98,535,0.607238514,7.36,8.39,4.59,27.996,1404.419,98.98,4100.5,92.78151218,158.3571717,-1.40701128736005,-0.10127527743023,0.184745269886119,53.5
ADA,2,3,29,98,535,0.607238514,7.36,8.39,4.59,27.996,1404.419,98.98,4100.5,92.78151218,158.3571717,-1.40701128736005,-0.10127527743023,0.184745269886119,53.5
ADA,3,0,24,98,535,0.607238514,7.36,8.39,4.59,27.996,1404.419,98.98,4100.5,92.78151218,158.3571717,-1.40701128736005,-0.10127527743023,0.184745269886119,53.5
ADA,3,1,33,98,535,0.607238514,7.36,8.39,4.59,27.996,1404.419,98.98,4100.5,92.78151218,158.3571717,-1.40701128736005,-0.10127527743023,0.184745269886119,53.5
ADA,3,2,34,98,535,0.607238514,7.36,8.39,4.59,27.996,1404.419,98.98,4100.5,92.78151218,158.3571717,-1.40701128736005,-0.10127527743023,0.184745269886119,53.5
ADA,3,3,34,98,535,0.607238514,7.36,8.39,4.59,27.996,1404.419,98.98,4100.5,92.78151218,158.3571717,-1.40701128736005,-0.10127527743023,0.184745269886119,53.5
ADA,4,0,25,98,535,0.607238514,7.36,8.39,4.59,27.996,1404.419,98.98,4100.5,92.78151218,158.3571717,-1.40701128736005,-0.10127527743023,0.184745269886119,53.5
ADA,4,1,30,98,535,0.607238514,7.36,8.39,4.59,27.996,1404.419,98.98,4100.5,92.78151218,158.3571717,-1.40701128736005,-0.10127527743023,0.184745269886119,53.5
ADA,4,2,34,98,535,0.607238514,7.36,8.39,4.59,27.996,1404.419,98.98,4100.5,92.78151218,158.3571717,-1.40701128736005,-0.10127527743023,0.184745269886119,53.5
ADA,4,3,31,98,535,0.607238514,7.36,8.39,4.59,27.996,1404.419,98.98,4100.5,92.78151218,158.3571717,-1.40701128736005,-0.10127527743023,0.184745269886119,53.5
BAR,1,0,16,54,887,0.840412739,4.22,5.4,11.01,28.443,6918.379,98.48,463.7,85.00177449,48.73098763,1.98047028061971,-0.438961187703609,-0.0681486016344044,88.7
BAR,1,1,19,54,887,0.840412739,4.22,5.4,11.01,28.443,6918.379,98.48,463.7,85.00177449,48.73098763,1.98047028061971,-0.438961187703609,-0.0681486016344044,88.7
BAR,1,2,20,54,887,0.840412739,4.22,5.4,11.01,28.443,6918.379,98.48,463.7,85.00177449,48.73098763,1.98047028061971,-0.438961187703609,-0.0681486016344044,88.7
BAR,1,3,22,54,887,0.840412739,4.22,5.4,11.01,28.443,6918.379,98.48,463.7,85.00177449,48.73098763,1.98047028061971,-0.438961187703609,-0.0681486016344044,88.7
BAR,2,0,13,54,887,0.840412739,4.22,5.4,11.01,28.443,6918.379,98.48,463.7,85.00177449,48.73098763,1.98047028061971,-0.438961187703609,-0.0681486016344044,88.7
BAR,2,1,17,54,887,0.840412739,4.22,5.4,11.01,28.443,6918.379,98.48,463.7,85.00177449,48.73098763,1.98047028061971,-0.438961187703609,-0.0681486016344044,88.7
BAR,2,2,18,54,887,0.840412739,4.22,5.4,11.01,28.443,6918.379,98.48,463.7,85.00177449,48.73098763,1.98047028061971,-0.438961187703609,-0.0681486016344044,88.7
BAR,2,3,16,54,887,0.840412739,4.22,5.4,11.01,28.443,6918.379,98.48,463.7,85.00177449,48.73098763,1.98047028061971,-0.438961187703609,-0.0681486016344044,88.7
BAR,3,0,15,54,887,0.840412739,4.22,5.4,11.01,28.443,6918.379,98.48,463.7,85.00177449,48.73098763,1.98047028061971,-0.438961187703609,-0.0681486016344044,88.7
BAR,3,1,19,54,887,0.840412739,4.22,5.4,11.01,28.443,6918.379,98.48,463.7,85.00177449,48.73098763,1.98047028061971,-0.438961187703609,-0.0681486016344044,88.7
BAR,3,2,22,54,887,0.840412739,4.22,5.4,11.01,28.443,6918.379,98.48,463.7,85.00177449,48.73098763,1.98047028061971,-0.438961187703609,-0.0681486016344044,88.7
BAR,3,3,19,54,887,0.840412739,4.22,5.4,11.01,28.443,6918.379,98.48,463.7,85.00177449,48.73098763,1.98047028061971,-0.438961187703609,-0.0681486016344044,88.7
BAR,4,0,16,54,887,0.840412739,4.22,5.4,11.01,28.443,6918.379,98.48,463.7,85.00177449,48.73098763,1.98047028061971,-0.438961187703609,-0.0681486016344044,88.7
BAR,4,1,19,54,887,0.840412739,4.22,5.4,11.01,28.443,6918.379,98.48,463.7,85.00177449,48.73098763,1.98047028061971,-0.438961187703609,-0.0681486016344044,88.7
BAR,4,2,21,54,887,0.840412739,4.22,5.4,11.01,28.443,6918.379,98.48,463.7,85.00177449,48.73098763,1.98047028061971,-0.438961187703609,-0.0681486016344044,88.7
BAR,4,3,26,54,887,0.840412739,4.22,5.4,11.01,28.443,6918.379,98.48,463.7,85.00177449,48.73098763,1.98047028061971,-0.438961187703609,-0.0681486016344044,88.7
CER,1,0,46,88,668,0.710859963,6.11,5.31,16.79,12.368,6330.175,94.16,5522.515,263.381,491.822,0.299917980789904,2.09418671224462,-1.02197707144694,66.8
CER,1,1,40,88,668,0.710859963,6.11,5.31,16.79,12.368,6330.175,94.16,5522.515,263.381,491.822,0.299917980789904,2.09418671224462,-1.02197707144694,66.8
CER,1,2,36,88,668,0.710859963,6.11,5.31,16.79,12.368,6330.175,94.16,5522.515,263.381,491.822,0.299917980789904,2.09418671224462,-1.02197707144694,66.8
CER,1,3,44,88,668,0.710859963,6.11,5.31,16.79,12.368,6330.175,94.16,5522.515,263.381,491.822,0.299917980789904,2.09418671224462,-1.02197707144694,66.8
CER,2,0,45,88,668,0.710859963,6.11,5.31,16.79,12.368,6330.175,94.16,5522.515,263.381,491.822,0.299917980789904,2.09418671224462,-1.02197707144694,66.8
CER,2,1,36,88,668,0.710859963,6.11,5.31,16.79,12.368,6330.175,94.16,5522.515,263.381,491.822,0.299917980789904,2.09418671224462,-1.02197707144694,66.8
CER,2,2,28,88,668,0.710859963,6.11,5.31,16.79,12.368,6330.175,94.16,5522.515,263.381,491.822,0.299917980789904,2.09418671224462,-1.02197707144694,66.8
CER,2,3,40,88,668,0.710859963,6.11,5.31,16.79,12.368,6330.175,94.16,5522.515,263.381,491.822,0.299917980789904,2.09418671224462,-1.02197707144694,66.8
CER,3,0,35,88,668,0.710859963,6.11,5.31,16.79,12.368,6330.175,94.16,5522.515,263.381,491.822,0.299917980789904,2.09418671224462,-1.02197707144694,66.8
CER,3,1,29,88,668,0.710859963,6.11,5.31,16.79,12.368,6330.175,94.16,5522.515,263.381,491.822,0.299917980789904,2.09418671224462,-1.02197707144694,66.8
CER,3,2,27,88,668,0.710859963,6.11,5.31,16.79,12.368,6330.175,94.16,5522.515,263.381,491.822,0.299917980789904,2.09418671224462,-1.02197707144694,66.8
CER,3,3,36,88,668,0.710859963,6.11,5.31,16.79,12.368,6330.175,94.16,5522.515,263.381,491.822,0.299917980789904,2.09418671224462,-1.02197707144694,66.8
CER,4,0,41,88,668,0.710859963,6.11,5.31,16.79,12.368,6330.175,94.16,5522.515,263.381,491.822,0.299917980789904,2.09418671224462,-1.02197707144694,66.8
CER,4,1,34,88,668,0.710859963,6.11,5.31,16.79,12.368,6330.175,94.16,5522.515,263.381,491.822,0.299917980789904,2.09418671224462,-1.02197707144694,66.8
CER,4,2,37,88,668,0.710859963,6.11,5.31,16.79,12.368,6330.175,94.16,5522.515,263.381,491.822,0.299917980789904,2.09418671224462,-1.02197707144694,66.8
CER,4,3,42,88,668,0.710859963,6.11,5.31,16.79,12.368,6330.175,94.16,5522.515,263.381,491.822,0.299917980789904,2.09418671224462,-1.02197707144694,66.8
CVI,1,0,19,80,699,0.704443761,6.94,7.51,7.72,47.846,2910.574,98.98,2304.8,98.20138608,40.36776609,-0.240507666590561,-0.203118405976181,0.677322316245555,69.9
CVI,1,1,22,80,699,0.704443761,6.94,7.51,7.72,47.846,2910.574,98.98,2304.8,98.20138608,40.36776609,-0.240507666590561,-0.203118405976181,0.677322316245555,69.9
CVI,1,2,28,80,699,0.704443761,6.94,7.51,7.72,47.846,2910.574,98.98,2304.8,98.20138608,40.36776609,-0.240507666590561,-0.203118405976181,0.677322316245555,69.9
CVI,1,3,32,80,699,0.704443761,6.94,7.51,7.72,47.846,2910.574,98.98,2304.8,98.20138608,40.36776609,-0.240507666590561,-0.203118405976181,0.677322316245555,69.9
CVI,0,0,12,80,699,0.704443761,6.94,7.51,7.72,47.846,2910.574,98.98,2304.8,98.20138608,40.36776609,-0.240507666590561,-0.203118405976181,0.677322316245555,69.9
CVI,0,1,11,80,699,0.704443761,6.94,7.51,7.72,47.846,2910.574,98.98,2304.8,98.20138608,40.36776609,-0.240507666590561,-0.203118405976181,0.677322316245555,69.9
CVI,0,2,9,80,699,0.704443761,6.94,7.51,7.72,47.846,2910.574,98.98,2304.8,98.20138608,40.36776609,-0.240507666590561,-0.203118405976181,0.677322316245555,69.9
CVI,0,3,12,80,699,0.704443761,6.94,7.51,7.72,47.846,2910.574,98.98,2304.8,98.20138608,40.36776609,-0.240507666590561,-0.203118405976181,0.677322316245555,69.9
CVI,2,0,20,80,699,0.704443761,6.94,7.51,7.72,47.846,2910.574,98.98,2304.8,98.20138608,40.36776609,-0.240507666590561,-0.203118405976181,0.677322316245555,69.9
CVI,2,1,25,80,699,0.704443761,6.94,7.51,7.72,47.846,2910.574,98.98,2304.8,98.20138608,40.36776609,-0.240507666590561,-0.203118405976181,0.677322316245555,69.9
CVI,2,2,29,80,699,0.704443761,6.94,7.51,7.72,47.846,2910.574,98.98,2304.8,98.20138608,40.36776609,-0.240507666590561,-0.203118405976181,0.677322316245555,69.9
CVI,2,3,36,80,699,0.704443761,6.94,7.51,7.72,47.846,2910.574,98.98,2304.8,98.20138608,40.36776609,-0.240507666590561,-0.203118405976181,0.677322316245555,69.9
CVI,3,0,15,80,699,0.704443761,6.94,7.51,7.72,47.846,2910.574,98.98,2304.8,98.20138608,40.36776609,-0.240507666590561,-0.203118405976181,0.677322316245555,69.9
CVI,3,1,18,80,699,0.704443761,6.94,7.51,7.72,47.846,2910.574,98.98,2304.8,98.20138608,40.36776609,-0.240507666590561,-0.203118405976181,0.677322316245555,69.9
CVI,3,2,26,80,699,0.704443761,6.94,7.51,7.72,47.846,2910.574,98.98,2304.8,98.20138608,40.36776609,-0.240507666590561,-0.203118405976181,0.677322316245555,69.9
CVI,3,3,32,80,699,0.704443761,6.94,7.51,7.72,47.846,2910.574,98.98,2304.8,98.20138608,40.36776609,-0.240507666590561,-0.203118405976181,0.677322316245555,69.9
CVI,4,0,19,80,699,0.704443761,6.94,7.51,7.72,47.846,2910.574,98.98,2304.8,98.20138608,40.36776609,-0.240507666590561,-0.203118405976181,0.677322316245555,69.9
CVI,4,1,17,80,699,0.704443761,6.94,7.51,7.72,47.846,2910.574,98.98,2304.8,98.20138608,40.36776609,-0.240507666590561,-0.203118405976181,0.677322316245555,69.9
CVI,4,2,28,80,699,0.704443761,6.94,7.51,7.72,47.846,2910.574,98.98,2304.8,98.20138608,40.36776609,-0.240507666590561,-0.203118405976181,0.677322316245555,69.9
CVI,4,3,31,80,699,0.704443761,6.94,7.51,7.72,47.846,2910.574,98.98,2304.8,98.20138608,40.36776609,-0.240507666590561,-0.203118405976181,0.677322316245555,69.9
DUB,1,0,50,86,718,0.843426149,5.74,6.67,12.68,20.364,3549.125,96.94,2266.2,120.133015,249.4026131,0.319283074180462,0.720146647540336,0.365526263594649,71.8
DUB,1,1,44,86,718,0.843426149,5.74,6.67,12.68,20.364,3549.125,96.94,2266.2,120.133015,249.4026131,0.319283074180462,0.720146647540336,0.365526263594649,71.8
DUB,1,2,42,86,718,0.843426149,5.74,6.67,12.68,20.364,3549.125,96.94,2266.2,120.133015,249.4026131,0.319283074180462,0.720146647540336,0.365526263594649,71.8
DUB,1,3,43,86,718,0.843426149,5.74,6.67,12.68,20.364,3549.125,96.94,2266.2,120.133015,249.4026131,0.319283074180462,0.720146647540336,0.365526263594649,71.8
DUB,2,0,42,86,718,0.843426149,5.74,6.67,12.68,20.364,3549.125,96.94,2266.2,120.133015,249.4026131,0.319283074180462,0.720146647540336,0.365526263594649,71.8
DUB,2,1,50,86,718,0.843426149,5.74,6.67,12.68,20.364,3549.125,96.94,2266.2,120.133015,249.4026131,0.319283074180462,0.720146647540336,0.365526263594649,71.8
DUB,2,2,45,86,718,0.843426149,5.74,6.67,12.68,20.364,3549.125,96.94,2266.2,120.133015,249.4026131,0.319283074180462,0.720146647540336,0.365526263594649,71.8
DUB,2,3,36,86,718,0.843426149,5.74,6.67,12.68,20.364,3549.125,96.94,2266.2,120.133015,249.4026131,0.319283074180462,0.720146647540336,0.365526263594649,71.8
DUB,3,0,43,86,718,0.843426149,5.74,6.67,12.68,20.364,3549.125,96.94,2266.2,120.133015,249.4026131,0.319283074180462,0.720146647540336,0.365526263594649,71.8
DUB,3,1,46,86,718,0.843426149,5.74,6.67,12.68,20.364,3549.125,96.94,2266.2,120.133015,249.4026131,0.319283074180462,0.720146647540336,0.365526263594649,71.8
DUB,3,2,38,86,718,0.843426149,5.74,6.67,12.68,20.364,3549.125,96.94,2266.2,120.133015,249.4026131,0.319283074180462,0.720146647540336,0.365526263594649,71.8
DUB,3,3,45,86,718,0.843426149,5.74,6.67,12.68,20.364,3549.125,96.94,2266.2,120.133015,249.4026131,0.319283074180462,0.720146647540336,0.365526263594649,71.8
DUB,4,0,41,86,718,0.843426149,5.74,6.67,12.68,20.364,3549.125,96.94,2266.2,120.133015,249.4026131,0.319283074180462,0.720146647540336,0.365526263594649,71.8
DUB,4,1,50,86,718,0.843426149,5.74,6.67,12.68,20.364,3549.125,96.94,2266.2,120.133015,249.4026131,0.319283074180462,0.720146647540336,0.365526263594649,71.8
DUB,4,2,39,86,718,0.843426149,5.74,6.67,12.68,20.364,3549.125,96.94,2266.2,120.133015,249.4026131,0.319283074180462,0.720146647540336,0.365526263594649,71.8
DUB,4,3,48,86,718,0.843426149,5.74,6.67,12.68,20.364,3549.125,96.94,2266.2,120.133015,249.4026131,0.319283074180462,0.720146647540336,0.365526263594649,71.8
DUC,1,0,23,75,880,0.670765093,4.05,5.18,6.13,17.324,2151.433,99.16,128.5,58.88372821,11.42365098,0.732449110907632,-1.47982560997619,0.494020012417847,88
DUC,1,1,29,75,880,0.670765093,4.05,5.18,6.13,17.324,2151.433,99.16,128.5,58.88372821,11.42365098,0.732449110907632,-1.47982560997619,0.494020012417847,88
DUC,1,2,29,75,880,0.670765093,4.05,5.18,6.13,17.324,2151.433,99.16,128.5,58.88372821,11.42365098,0.732449110907632,-1.47982560997619,0.494020012417847,88
DUC,0,0,17,75,880,0.670765093,4.05,5.18,6.13,17.324,2151.433,99.16,128.5,58.88372821,11.42365098,0.732449110907632,-1.47982560997619,0.494020012417847,88
DUC,0,1,15,75,880,0.670765093,4.05,5.18,6.13,17.324,2151.433,99.16,128.5,58.88372821,11.42365098,0.732449110907632,-1.47982560997619,0.494020012417847,88
DUC,0,2,17,75,880,0.670765093,4.05,5.18,6.13,17.324,2151.433,99.16,128.5,58.88372821,11.42365098,0.732449110907632,-1.47982560997619,0.494020012417847,88
DUC,2,0,28,75,880,0.670765093,4.05,5.18,6.13,17.324,2151.433,99.16,128.5,58.88372821,11.42365098,0.732449110907632,-1.47982560997619,0.494020012417847,88
DUC,2,1,36,75,880,0.670765093,4.05,5.18,6.13,17.324,2151.433,99.16,128.5,58.88372821,11.42365098,0.732449110907632,-1.47982560997619,0.494020012417847,88
DUC,2,2,36,75,880,0.670765093,4.05,5.18,6.13,17.324,2151.433,99.16,128.5,58.88372821,11.42365098,0.732449110907632,-1.47982560997619,0.494020012417847,88
DUC,3,0,48,75,880,0.670765093,4.05,5.18,6.13,17.324,2151.433,99.16,128.5,58.88372821,11.42365098,0.732449110907632,-1.47982560997619,0.494020012417847,88
DUC,3,1,53,75,880,0.670765093,4.05,5.18,6.13,17.324,2151.433,99.16,128.5,58.88372821,11.42365098,0.732449110907632,-1.47982560997619,0.494020012417847,88
DUC,3,2,65,75,880,0.670765093,4.05,5.18,6.13,17.324,2151.433,99.16,128.5,58.88372821,11.42365098,0.732449110907632,-1.47982560997619,0.494020012417847,88
DUC,4,0,36,75,880,0.670765093,4.05,5.18,6.13,17.324,2151.433,99.16,128.5,58.88372821,11.42365098,0.732449110907632,-1.47982560997619,0.494020012417847,88
DUC,4,1,55,75,880,0.670765093,4.05,5.18,6.13,17.324,2151.433,99.16,128.5,58.88372821,11.42365098,0.732449110907632,-1.47982560997619,0.494020012417847,88
DUC,4,2,68,75,880,0.670765093,4.05,5.18,6.13,17.324,2151.433,99.16,128.5,58.88372821,11.42365098,0.732449110907632,-1.47982560997619,0.494020012417847,88
HIG,1,0,13,103,475,0.660225677,8.06,8.61,5.11,30.252,2540.585,99.22,2913.7,81.92696743,528.9019826,-1.56563478200371,0.380280344311849,-1.61937541603383,47.5
HIG,1,1,18,103,475,0.660225677,8.06,8.61,5.11,30.252,2540.585,99.22,2913.7,81.92696743,528.9019826,-1.56563478200371,0.380280344311849,-1.61937541603383,47.5
HIG,1,2,19,103,475,0.660225677,8.06,8.61,5.11,30.252,2540.585,99.22,2913.7,81.92696743,528.9019826,-1.56563478200371,0.380280344311849,-1.61937541603383,47.5
HIG,1,3,26,103,475,0.660225677,8.06,8.61,5.11,30.252,2540.585,99.22,2913.7,81.92696743,528.9019826,-1.56563478200371,0.380280344311849,-1.61937541603383,47.5
HIG,0,0,15,103,475,0.660225677,8.06,8.61,5.11,30.252,2540.585,99.22,2913.7,81.92696743,528.9019826,-1.56563478200371,0.380280344311849,-1.61937541603383,47.5
HIG,0,1,23,103,475,0.660225677,8.06,8.61,5.11,30.252,2540.585,99.22,2913.7,81.92696743,528.9019826,-1.56563478200371,0.380280344311849,-1.61937541603383,47.5
HIG,0,2,23,103,475,0.660225677,8.06,8.61,5.11,30.252,2540.585,99.22,2913.7,81.92696743,528.9019826,-1.56563478200371,0.380280344311849,-1.61937541603383,47.5
HIG,2,0,12,103,475,0.660225677,8.06,8.61,5.11,30.252,2540.585,99.22,2913.7,81.92696743,528.9019826,-1.56563478200371,0.380280344311849,-1.61937541603383,47.5
HIG,2,1,14,103,475,0.660225677,8.06,8.61,5.11,30.252,2540.585,99.22,2913.7,81.92696743,528.9019826,-1.56563478200371,0.380280344311849,-1.61937541603383,47.5
HIG,2,2,22,103,475,0.660225677,8.06,8.61,5.11,30.252,2540.585,99.22,2913.7,81.92696743,528.9019826,-1.56563478200371,0.380280344311849,-1.61937541603383,47.5
HIG,2,3,28,103,475,0.660225677,8.06,8.61,5.11,30.252,2540.585,99.22,2913.7,81.92696743,528.9019826,-1.56563478200371,0.380280344311849,-1.61937541603383,47.5
HIG,3,0,15,103,475,0.660225677,8.06,8.61,5.11,30.252,2540.585,99.22,2913.7,81.92696743,528.9019826,-1.56563478200371,0.380280344311849,-1.61937541603383,47.5
HIG,3,1,19,103,475,0.660225677,8.06,8.61,5.11,30.252,2540.585,99.22,2913.7,81.92696743,528.9019826,-1.56563478200371,0.380280344311849,-1.61937541603383,47.5
HIG,3,2,24,103,475,0.660225677,8.06,8.61,5.11,30.252,2540.585,99.22,2913.7,81.92696743,528.9019826,-1.56563478200371,0.380280344311849,-1.61937541603383,47.5
HIG,3,3,27,103,475,0.660225677,8.06,8.61,5.11,30.252,2540.585,99.22,2913.7,81.92696743,528.9019826,-1.56563478200371,0.380280344311849,-1.61937541603383,47.5
HIG,4,0,14,103,475,0.660225677,8.06,8.61,5.11,30.252,2540.585,99.22,2913.7,81.92696743,528.9019826,-1.56563478200371,0.380280344311849,-1.61937541603383,47.5
HIG,4,1,21,103,475,0.660225677,8.06,8.61,5.11,30.252,2540.585,99.22,2913.7,81.92696743,528.9019826,-1.56563478200371,0.380280344311849,-1.61937541603383,47.5
HIG,4,2,26,103,475,0.660225677,8.06,8.61,5.11,30.252,2540.585,99.22,2913.7,81.92696743,528.9019826,-1.56563478200371,0.380280344311849,-1.61937541603383,47.5
HIG,4,3,29,103,475,0.660225677,8.06,8.61,5.11,30.252,2540.585,99.22,2913.7,81.92696743,528.9019826,-1.56563478200371,0.380280344311849,-1.61937541603383,47.5
ILI,1,0,14,84,781,0.590659612,5.65,6.45,1.54,27.133,2164.173,98.06,939.6,93.50553693,250.1399472,-0.37292593065102,-1.02453635884729,-1.03830953891901,78.1
ILI,1,1,19,84,781,0.590659612,5.65,6.45,1.54,27.133,2164.173,98.06,939.6,93.50553693,250.1399472,-0.37292593065102,-1.02453635884729,-1.03830953891901,78.1
ILI,1,2,19,84,781,0.590659612,5.65,6.45,1.54,27.133,2164.173,98.06,939.6,93.50553693,250.1399472,-0.37292593065102,-1.02453635884729,-1.03830953891901,78.1
ILI,1,3,17,84,781,0.590659612,5.65,6.45,1.54,27.133,2164.173,98.06,939.6,93.50553693,250.1399472,-0.37292593065102,-1.02453635884729,-1.03830953891901,78.1
ILI,0,0,13,84,781,0.590659612,5.65,6.45,1.54,27.133,2164.173,98.06,939.6,93.50553693,250.1399472,-0.37292593065102,-1.02453635884729,-1.03830953891901,78.1
ILI,0,1,19,84,781,0.590659612,5.65,6.45,1.54,27.133,2164.173,98.06,939.6,93.50553693,250.1399472,-0.37292593065102,-1.02453635884729,-1.03830953891901,78.1
ILI,0,2,13,84,781,0.590659612,5.65,6.45,1.54,27.133,2164.173,98.06,939.6,93.50553693,250.1399472,-0.37292593065102,-1.02453635884729,-1.03830953891901,78.1
ILI,0,3,15,84,781,0.590659612,5.65,6.45,1.54,27.133,2164.173,98.06,939.6,93.50553693,250.1399472,-0.37292593065102,-1.02453635884729,-1.03830953891901,78.1
ILI,2,0,11,84,781,0.590659612,5.65,6.45,1.54,27.133,2164.173,98.06,939.6,93.50553693,250.1399472,-0.37292593065102,-1.02453635884729,-1.03830953891901,78.1
ILI,2,1,16,84,781,0.590659612,5.65,6.45,1.54,27.133,2164.173,98.06,939.6,93.50553693,250.1399472,-0.37292593065102,-1.02453635884729,-1.03830953891901,78.1
ILI,2,2,22,84,781,0.590659612,5.65,6.45,1.54,27.133,2164.173,98.06,939.6,93.50553693,250.1399472,-0.37292593065102,-1.02453635884729,-1.03830953891901,78.1
ILI,2,3,24,84,781,0.590659612,5.65,6.45,1.54,27.133,2164.173,98.06,939.6,93.50553693,250.1399472,-0.37292593065102,-1.02453635884729,-1.03830953891901,78.1
ILI,3,0,21,84,781,0.590659612,5.65,6.45,1.54,27.133,2164.173,98.06,939.6,93.50553693,250.1399472,-0.37292593065102,-1.02453635884729,-1.03830953891901,78.1
ILI,3,1,35,84,781,0.590659612,5.65,6.45,1.54,27.133,2164.173,98.06,939.6,93.50553693,250.1399472,-0.37292593065102,-1.02453635884729,-1.03830953891901,78.1
ILI,3,2,40,84,781,0.590659612,5.65,6.45,1.54,27.133,2164.173,98.06,939.6,93.50553693,250.1399472,-0.37292593065102,-1.02453635884729,-1.03830953891901,78.1
ILI,3,3,40,84,781,0.590659612,5.65,6.45,1.54,27.133,2164.173,98.06,939.6,93.50553693,250.1399472,-0.37292593065102,-1.02453635884729,-1.03830953891901,78.1
ILI,4,0,26,84,781,0.590659612,5.65,6.45,1.54,27.133,2164.173,98.06,939.6,93.50553693,250.1399472,-0.37292593065102,-1.02453635884729,-1.03830953891901,78.1
ILI,4,1,44,84,781,0.590659612,5.65,6.45,1.54,27.133,2164.173,98.06,939.6,93.50553693,250.1399472,-0.37292593065102,-1.02453635884729,-1.03830953891901,78.1
ILI,4,2,53,84,781,0.590659612,5.65,6.45,1.54,27.133,2164.173,98.06,939.6,93.50553693,250.1399472,-0.37292593065102,-1.02453635884729,-1.03830953891901,78.1
ILI,4,3,43,84,781,0.590659612,5.65,6.45,1.54,27.133,2164.173,98.06,939.6,93.50553693,250.1399472,-0.37292593065102,-1.02453635884729,-1.03830953891901,78.1
JAZ,1,0,35,82,694,0.614804491,4.62,5.93,10.46,16.893,2615.3612,98.46,1271.2,94.68663524,82.70421236,0.0799126296752948,-0.290154272496496,0.737498048842961,69.4
JAZ,1,1,36,82,694,0.614804491,4.62,5.93,10.46,16.893,2615.3612,98.46,1271.2,94.68663524,82.70421236,0.0799126296752948,-0.290154272496496,0.737498048842961,69.4
JAZ,1,2,32,82,694,0.614804491,4.62,5.93,10.46,16.893,2615.3612,98.46,1271.2,94.68663524,82.70421236,0.0799126296752948,-0.290154272496496,0.737498048842961,69.4
JAZ,1,3,34,82,694,0.614804491,4.62,5.93,10.46,16.893,2615.3612,98.46,1271.2,94.68663524,82.70421236,0.0799126296752948,-0.290154272496496,0.737498048842961,69.4
JAZ,0,0,35,82,694,0.614804491,4.62,5.93,10.46,16.893,2615.3612,98.46,1271.2,94.68663524,82.70421236,0.0799126296752948,-0.290154272496496,0.737498048842961,69.4
JAZ,0,1,30,82,694,0.614804491,4.62,5.93,10.46,16.893,2615.3612,98.46,1271.2,94.68663524,82.70421236,0.0799126296752948,-0.290154272496496,0.737498048842961,69.4
JAZ,0,2,30,82,694,0.614804491,4.62,5.93,10.46,16.893,2615.3612,98.46,1271.2,94.68663524,82.70421236,0.0799126296752948,-0.290154272496496,0.737498048842961,69.4
JAZ,0,3,28,82,694,0.614804491,4.62,5.93,10.46,16.893,2615.3612,98.46,1271.2,94.68663524,82.70421236,0.0799126296752948,-0.290154272496496,0.737498048842961,69.4
JAZ,2,0,24,82,694,0.614804491,4.62,5.93,10.46,16.893,2615.3612,98.46,1271.2,94.68663524,82.70421236,0.0799126296752948,-0.290154272496496,0.737498048842961,69.4
JAZ,2,1,29,82,694,0.614804491,4.62,5.93,10.46,16.893,2615.3612,98.46,1271.2,94.68663524,82.70421236,0.0799126296752948,-0.290154272496496,0.737498048842961,69.4
JAZ,2,2,33,82,694,0.614804491,4.62,5.93,10.46,16.893,2615.3612,98.46,1271.2,94.68663524,82.70421236,0.0799126296752948,-0.290154272496496,0.737498048842961,69.4
JAZ,2,3,35,82,694,0.614804491,4.62,5.93,10.46,16.893,2615.3612,98.46,1271.2,94.68663524,82.70421236,0.0799126296752948,-0.290154272496496,0.737498048842961,69.4
JAZ,3,0,32,82,694,0.614804491,4.62,5.93,10.46,16.893,2615.3612,98.46,1271.2,94.68663524,82.70421236,0.0799126296752948,-0.290154272496496,0.737498048842961,69.4
JAZ,3,1,21,82,694,0.614804491,4.62,5.93,10.46,16.893,2615.3612,98.46,1271.2,94.68663524,82.70421236,0.0799126296752948,-0.290154272496496,0.737498048842961,69.4
JAZ,3,2,37,82,694,0.614804491,4.62,5.93,10.46,16.893,2615.3612,98.46,1271.2,94.68663524,82.70421236,0.0799126296752948,-0.290154272496496,0.737498048842961,69.4
JAZ,3,3,31,82,694,0.614804491,4.62,5.93,10.46,16.893,2615.3612,98.46,1271.2,94.68663524,82.70421236,0.0799126296752948,-0.290154272496496,0.737498048842961,69.4
JAZ,4,0,26,82,694,0.614804491,4.62,5.93,10.46,16.893,2615.3612,98.46,1271.2,94.68663524,82.70421236,0.0799126296752948,-0.290154272496496,0.737498048842961,69.4
JAZ,4,1,20,82,694,0.614804491,4.62,5.93,10.46,16.893,2615.3612,98.46,1271.2,94.68663524,82.70421236,0.0799126296752948,-0.290154272496496,0.737498048842961,69.4
JAZ,4,2,35,82,694,0.614804491,4.62,5.93,10.46,16.893,2615.3612,98.46,1271.2,94.68663524,82.70421236,0.0799126296752948,-0.290154272496496,0.737498048842961,69.4
JAZ,4,3,40,82,694,0.614804491,4.62,5.93,10.46,16.893,2615.3612,98.46,1271.2,94.68663524,82.70421236,0.0799126296752948,-0.290154272496496,0.737498048842961,69.4
KOS,1,0,16,74,740,0.581166328,5.35,6.34,5.5,24.822,1345.468,99.32,902.2,104.1792815,136.3618932,-0.248563696971543,-0.627670716041161,1.03438352582842,74
KOS,1,1,23,74,740,0.581166328,5.35,6.34,5.5,24.822,1345.468,99.32,902.2,104.1792815,136.3618932,-0.248563696971543,-0.627670716041161,1.03438352582842,74
KOS,1,2,24,74,740,0.581166328,5.35,6.34,5.5,24.822,1345.468,99.32,902.2,104.1792815,136.3618932,-0.248563696971543,-0.627670716041161,1.03438352582842,74
KOS,0,0,20,74,740,0.581166328,5.35,6.34,5.5,24.822,1345.468,99.32,902.2,104.1792815,136.3618932,-0.248563696971543,-0.627670716041161,1.03438352582842,74
KOS,0,1,23,74,740,0.581166328,5.35,6.34,5.5,24.822,1345.468,99.32,902.2,104.1792815,136.3618932,-0.248563696971543,-0.627670716041161,1.03438352582842,74
KOS,0,2,25,74,740,0.581166328,5.35,6.34,5.5,24.822,1345.468,99.32,902.2,104.1792815,136.3618932,-0.248563696971543,-0.627670716041161,1.03438352582842,74
KOS,2,0,23,74,740,0.581166328,5.35,6.34,5.5,24.822,1345.468,99.32,902.2,104.1792815,136.3618932,-0.248563696971543,-0.627670716041161,1.03438352582842,74
KOS,2,1,25,74,740,0.581166328,5.35,6.34,5.5,24.822,1345.468,99.32,902.2,104.1792815,136.3618932,-0.248563696971543,-0.627670716041161,1.03438352582842,74
KOS,2,2,28,74,740,0.581166328,5.35,6.34,5.5,24.822,1345.468,99.32,902.2,104.1792815,136.3618932,-0.248563696971543,-0.627670716041161,1.03438352582842,74
KOS,3,0,14,74,740,0.581166328,5.35,6.34,5.5,24.822,1345.468,99.32,902.2,104.1792815,136.3618932,-0.248563696971543,-0.627670716041161,1.03438352582842,74
KOS,3,1,24,74,740,0.581166328,5.35,6.34,5.5,24.822,1345.468,99.32,902.2,104.1792815,136.3618932,-0.248563696971543,-0.627670716041161,1.03438352582842,74
KOS,3,2,30,74,740,0.581166328,5.35,6.34,5.5,24.822,1345.468,99.32,902.2,104.1792815,136.3618932,-0.248563696971543,-0.627670716041161,1.03438352582842,74
KOS,4,0,22,74,740,0.581166328,5.35,6.34,5.5,24.822,1345.468,99.32,902.2,104.1792815,136.3618932,-0.248563696971543,-0.627670716041161,1.03438352582842,74
KOS,4,1,23,74,740,0.581166328,5.35,6.34,5.5,24.822,1345.468,99.32,902.2,104.1792815,136.3618932,-0.248563696971543,-0.627670716041161,1.03438352582842,74
KOS,4,2,30,74,740,0.581166328,5.35,6.34,5.5,24.822,1345.468,99.32,902.2,104.1792815,136.3618932,-0.248563696971543,-0.627670716041161,1.03438352582842,74
KYS,1,0,23,63,780,0.771661805,4.69,5.85,16.57,3.718,6352.844,96.85,1841.5,99.52075511,213.0512098,1.62452969258617,0.64031228338169,-0.564609795420682,78
KYS,1,1,39,63,780,0.771661805,4.69,5.85,16.57,3.718,6352.844,96.85,1841.5,99.52075511,213.0512098,1.62452969258617,0.64031228338169,-0.564609795420682,78
KYS,1,2,36,63,780,0.771661805,4.69,5.85,16.57,3.718,6352.844,96.85,1841.5,99.52075511,213.0512098,1.62452969258617,0.64031228338169,-0.564609795420682,78
KYS,1,3,42,63,780,0.771661805,4.69,5.85,16.57,3.718,6352.844,96.85,1841.5,99.52075511,213.0512098,1.62452969258617,0.64031228338169,-0.564609795420682,78
KYS,0,0,23,63,780,0.771661805,4.69,5.85,16.57,3.718,6352.844,96.85,1841.5,99.52075511,213.0512098,1.62452969258617,0.64031228338169,-0.564609795420682,78
KYS,0,1,22,63,780,0.771661805,4.69,5.85,16.57,3.718,6352.844,96.85,1841.5,99.52075511,213.0512098,1.62452969258617,0.64031228338169,-0.564609795420682,78
KYS,0,2,26,63,780,0.771661805,4.69,5.85,16.57,3.718,6352.844,96.85,1841.5,99.52075511,213.0512098,1.62452969258617,0.64031228338169,-0.564609795420682,78
KYS,0,3,22,63,780,0.771661805,4.69,5.85,16.57,3.718,6352.844,96.85,1841.5,99.52075511,213.0512098,1.62452969258617,0.64031228338169,-0.564609795420682,78
KYS,2,0,33,63,780,0.771661805,4.69,5.85,16.57,3.718,6352.844,96.85,1841.5,99.52075511,213.0512098,1.62452969258617,0.64031228338169,-0.564609795420682,78
KYS,2,1,39,63,780,0.771661805,4.69,5.85,16.57,3.718,6352.844,96.85,1841.5,99.52075511,213.0512098,1.62452969258617,0.64031228338169,-0.564609795420682,78
KYS,2,2,48,63,780,0.771661805,4.69,5.85,16.57,3.718,6352.844,96.85,1841.5,99.52075511,213.0512098,1.62452969258617,0.64031228338169,-0.564609795420682,78
KYS,2,3,41,63,780,0.771661805,4.69,5.85,16.57,3.718,6352.844,96.85,1841.5,99.52075511,213.0512098,1.62452969258617,0.64031228338169,-0.564609795420682,78
KYS,3,0,44,63,780,0.771661805,4.69,5.85,16.57,3.718,6352.844,96.85,1841.5,99.52075511,213.0512098,1.62452969258617,0.64031228338169,-0.564609795420682,78
KYS,3,1,62,63,780,0.771661805,4.69,5.85,16.57,3.718,6352.844,96.85,1841.5,99.52075511,213.0512098,1.62452969258617,0.64031228338169,-0.564609795420682,78
KYS,3,2,56,63,780,0.771661805,4.69,5.85,16.57,3.718,6352.844,96.85,1841.5,99.52075511,213.0512098,1.62452969258617,0.64031228338169,-0.564609795420682,78
KYS,3,3,68,63,780,0.771661805,4.69,5.85,16.57,3.718,6352.844,96.85,1841.5,99.52075511,213.0512098,1.62452969258617,0.64031228338169,-0.564609795420682,78
KYS,4,0,38,63,780,0.771661805,4.69,5.85,16.57,3.718,6352.844,96.85,1841.5,99.52075511,213.0512098,1.62452969258617,0.64031228338169,-0.564609795420682,78
KYS,4,1,59,63,780,0.771661805,4.69,5.85,16.57,3.718,6352.844,96.85,1841.5,99.52075511,213.0512098,1.62452969258617,0.64031228338169,-0.564609795420682,78
KYS,4,2,85,63,780,0.771661805,4.69,5.85,16.57,3.718,6352.844,96.85,1841.5,99.52075511,213.0512098,1.62452969258617,0.64031228338169,-0.564609795420682,78
KYS,4,3,83,63,780,0.771661805,4.69,5.85,16.57,3.718,6352.844,96.85,1841.5,99.52075511,213.0512098,1.62452969258617,0.64031228338169,-0.564609795420682,78
LET,1,0,49,83,672,0.790800645,7.23,7.87,12.29,20.236,4007.935,97.8,3936.6,219.5124022,145.2663133,0.0400773837874314,1.21641847888886,0.470009825626944,67.2
LET,1,1,45,83,672,0.790800645,7.23,7.87,12.29,20.236,4007.935,97.8,3936.6,219.5124022,145.2663133,0.0400773837874314,1.21641847888886,0.470009825626944,67.2
LET,1,2,47,83,672,0.790800645,7.23,7.87,12.29,20.236,4007.935,97.8,3936.6,219.5124022,145.2663133,0.0400773837874314,1.21641847888886,0.470009825626944,67.2
LET,1,3,47,83,672,0.790800645,7.23,7.87,12.29,20.236,4007.935,97.8,3936.6,219.5124022,145.2663133,0.0400773837874314,1.21641847888886,0.470009825626944,67.2
LET,2,0,50,83,672,0.790800645,7.23,7.87,12.29,20.236,4007.935,97.8,3936.6,219.5124022,145.2663133,0.0400773837874314,1.21641847888886,0.470009825626944,67.2
LET,2,1,41,83,672,0.790800645,7.23,7.87,12.29,20.236,4007.935,97.8,3936.6,219.5124022,145.2663133,0.0400773837874314,1.21641847888886,0.470009825626944,67.2
LET,2,2,45,83,672,0.790800645,7.23,7.87,12.29,20.236,4007.935,97.8,3936.6,219.5124022,145.2663133,0.0400773837874314,1.21641847888886,0.470009825626944,67.2
LET,2,3,41,83,672,0.790800645,7.23,7.87,12.29,20.236,4007.935,97.8,3936.6,219.5124022,145.2663133,0.0400773837874314,1.21641847888886,0.470009825626944,67.2
LET,3,0,54,83,672,0.790800645,7.23,7.87,12.29,20.236,4007.935,97.8,3936.6,219.5124022,145.2663133,0.0400773837874314,1.21641847888886,0.470009825626944,67.2
LET,3,1,39,83,672,0.790800645,7.23,7.87,12.29,20.236,4007.935,97.8,3936.6,219.5124022,145.2663133,0.0400773837874314,1.21641847888886,0.470009825626944,67.2
LET,3,2,42,83,672,0.790800645,7.23,7.87,12.29,20.236,4007.935,97.8,3936.6,219.5124022,145.2663133,0.0400773837874314,1.21641847888886,0.470009825626944,67.2
LET,3,3,44,83,672,0.790800645,7.23,7.87,12.29,20.236,4007.935,97.8,3936.6,219.5124022,145.2663133,0.0400773837874314,1.21641847888886,0.470009825626944,67.2
LET,4,0,51,83,672,0.790800645,7.23,7.87,12.29,20.236,4007.935,97.8,3936.6,219.5124022,145.2663133,0.0400773837874314,1.21641847888886,0.470009825626944,67.2
LET,4,1,42,83,672,0.790800645,7.23,7.87,12.29,20.236,4007.935,97.8,3936.6,219.5124022,145.2663133,0.0400773837874314,1.21641847888886,0.470009825626944,67.2
LET,4,2,47,83,672,0.790800645,7.23,7.87,12.29,20.236,4007.935,97.8,3936.6,219.5124022,145.2663133,0.0400773837874314,1.21641847888886,0.470009825626944,67.2
LET,4,3,42,83,672,0.790800645,7.23,7.87,12.29,20.236,4007.935,97.8,3936.6,219.5124022,145.2663133,0.0400773837874314,1.21641847888886,0.470009825626944,67.2
LOM,1,0,7,81,693,0.665332516,7.09,7.59,7.59,259.543,2778.644,99.24,2844.6,119.6977355,89.22007683,-0.627543808076658,-0.16258646897405,1.11501720592328,69.3
LOM,1,1,12,81,693,0.665332516,7.09,7.59,7.59,259.543,2778.644,99.24,2844.6,119.6977355,89.22007683,-0.627543808076658,-0.16258646897405,1.11501720592328,69.3
LOM,1,2,19,81,693,0.665332516,7.09,7.59,7.59,259.543,2778.644,99.24,2844.6,119.6977355,89.22007683,-0.627543808076658,-0.16258646897405,1.11501720592328,69.3
LOM,1,3,23,81,693,0.665332516,7.09,7.59,7.59,259.543,2778.644,99.24,2844.6,119.6977355,89.22007683,-0.627543808076658,-0.16258646897405,1.11501720592328,69.3
LOM,0,0,13,81,693,0.665332516,7.09,7.59,7.59,259.543,2778.644,99.24,2844.6,119.6977355,89.22007683,-0.627543808076658,-0.16258646897405,1.11501720592328,69.3
LOM,0,1,13,81,693,0.665332516,7.09,7.59,7.59,259.543,2778.644,99.24,2844.6,119.6977355,89.22007683,-0.627543808076658,-0.16258646897405,1.11501720592328,69.3
LOM,0,2,17,81,693,0.665332516,7.09,7.59,7.59,259.543,2778.644,99.24,2844.6,119.6977355,89.22007683,-0.627543808076658,-0.16258646897405,1.11501720592328,69.3
LOM,0,3,15,81,693,0.665332516,7.09,7.59,7.59,259.543,2778.644,99.24,2844.6,119.6977355,89.22007683,-0.627543808076658,-0.16258646897405,1.11501720592328,69.3
LOM,2,0,17,81,693,0.665332516,7.09,7.59,7.59,259.543,2778.644,99.24,2844.6,119.6977355,89.22007683,-0.627543808076658,-0.16258646897405,1.11501720592328,69.3
LOM,2,1,20,81,693,0.665332516,7.09,7.59,7.59,259.543,2778.644,99.24,2844.6,119.6977355,89.22007683,-0.627543808076658,-0.16258646897405,1.11501720592328,69.3
LOM,2,2,22,81,693,0.665332516,7.09,7.59,7.59,259.543,2778.644,99.24,2844.6,119.6977355,89.22007683,-0.627543808076658,-0.16258646897405,1.11501720592328,69.3
LOM,2,3,24,81,693,0.665332516,7.09,7.59,7.59,259.543,2778.644,99.24,2844.6,119.6977355,89.22007683,-0.627543808076658,-0.16258646897405,1.11501720592328,69.3
LOM,3,0,13,81,693,0.665332516,7.09,7.59,7.59,259.543,2778.644,99.24,2844.6,119.6977355,89.22007683,-0.627543808076658,-0.16258646897405,1.11501720592328,69.3
LOM,3,1,15,81,693,0.665332516,7.09,7.59,7.59,259.543,2778.644,99.24,2844.6,119.6977355,89.22007683,-0.627543808076658,-0.16258646897405,1.11501720592328,69.3
LOM,3,2,24,81,693,0.665332516,7.09,7.59,7.59,259.543,2778.644,99.24,2844.6,119.6977355,89.22007683,-0.627543808076658,-0.16258646897405,1.11501720592328,69.3
LOM,3,3,29,81,693,0.665332516,7.09,7.59,7.59,259.543,2778.644,99.24,2844.6,119.6977355,89.22007683,-0.627543808076658,-0.16258646897405,1.11501720592328,69.3
LOM,4,0,11,81,693,0.665332516,7.09,7.59,7.59,259.543,2778.644,99.24,2844.6,119.6977355,89.22007683,-0.627543808076658,-0.16258646897405,1.11501720592328,69.3
LOM,4,1,15,81,693,0.665332516,7.09,7.59,7.59,259.543,2778.644,99.24,2844.6,119.6977355,89.22007683,-0.627543808076658,-0.16258646897405,1.11501720592328,69.3
LOM,4,2,21,81,693,0.665332516,7.09,7.59,7.59,259.543,2778.644,99.24,2844.6,119.6977355,89.22007683,-0.627543808076658,-0.16258646897405,1.11501720592328,69.3
LOM,4,3,30,81,693,0.665332516,7.09,7.59,7.59,259.543,2778.644,99.24,2844.6,119.6977355,89.22007683,-0.627543808076658,-0.16258646897405,1.11501720592328,69.3
MIK,1,0,22,96,533,0.665547911,7.52,8.29,6.11,27.832,1713.198,98.48,4500.5,124.0454962,157.9590381,-1.23210748324072,0.299492039292589,0.414194717687703,53.3
MIK,1,1,21,96,533,0.665547911,7.52,8.29,6.11,27.832,1713.198,98.48,4500.5,124.0454962,157.9590381,-1.23210748324072,0.299492039292589,0.414194717687703,53.3
MIK,1,2,24,96,533,0.665547911,7.52,8.29,6.11,27.832,1713.198,98.48,4500.5,124.0454962,157.9590381,-1.23210748324072,0.299492039292589,0.414194717687703,53.3
MIK,1,3,28,96,533,0.665547911,7.52,8.29,6.11,27.832,1713.198,98.48,4500.5,124.0454962,157.9590381,-1.23210748324072,0.299492039292589,0.414194717687703,53.3
MIK,0,0,20,96,533,0.665547911,7.52,8.29,6.11,27.832,1713.198,98.48,4500.5,124.0454962,157.9590381,-1.23210748324072,0.299492039292589,0.414194717687703,53.3
MIK,0,1,10,96,533,0.665547911,7.52,8.29,6.11,27.832,1713.198,98.48,4500.5,124.0454962,157.9590381,-1.23210748324072,0.299492039292589,0.414194717687703,53.3
MIK,0,2,21,96,533,0.665547911,7.52,8.29,6.11,27.832,1713.198,98.48,4500.5,124.0454962,157.9590381,-1.23210748324072,0.299492039292589,0.414194717687703,53.3
MIK,0,3,19,96,533,0.665547911,7.52,8.29,6.11,27.832,1713.198,98.48,4500.5,124.0454962,157.9590381,-1.23210748324072,0.299492039292589,0.414194717687703,53.3
MIK,2,0,20,96,533,0.665547911,7.52,8.29,6.11,27.832,1713.198,98.48,4500.5,124.0454962,157.9590381,-1.23210748324072,0.299492039292589,0.414194717687703,53.3
MIK,2,1,19,96,533,0.665547911,7.52,8.29,6.11,27.832,1713.198,98.48,4500.5,124.0454962,157.9590381,-1.23210748324072,0.299492039292589,0.414194717687703,53.3
MIK,2,2,26,96,533,0.665547911,7.52,8.29,6.11,27.832,1713.198,98.48,4500.5,124.0454962,157.9590381,-1.23210748324072,0.299492039292589,0.414194717687703,53.3
MIK,2,3,25,96,533,0.665547911,7.52,8.29,6.11,27.832,1713.198,98.48,4500.5,124.0454962,157.9590381,-1.23210748324072,0.299492039292589,0.414194717687703,53.3
MIK,3,0,14,96,533,0.665547911,7.52,8.29,6.11,27.832,1713.198,98.48,4500.5,124.0454962,157.9590381,-1.23210748324072,0.299492039292589,0.414194717687703,53.3
MIK,3,1,14,96,533,0.665547911,7.52,8.29,6.11,27.832,1713.198,98.48,4500.5,124.0454962,157.9590381,-1.23210748324072,0.299492039292589,0.414194717687703,53.3
MIK,3,2,22,96,533,0.665547911,7.52,8.29,6.11,27.832,1713.198,98.48,4500.5,124.0454962,157.9590381,-1.23210748324072,0.299492039292589,0.414194717687703,53.3
MIK,3,3,21,96,533,0.665547911,7.52,8.29,6.11,27.832,1713.198,98.48,4500.5,124.0454962,157.9590381,-1.23210748324072,0.299492039292589,0.414194717687703,53.3
MIK,4,0,17,96,533,0.665547911,7.52,8.29,6.11,27.832,1713.198,98.48,4500.5,124.0454962,157.9590381,-1.23210748324072,0.299492039292589,0.414194717687703,53.3
MIK,4,1,16,96,533,0.665547911,7.52,8.29,6.11,27.832,1713.198,98.48,4500.5,124.0454962,157.9590381,-1.23210748324072,0.299492039292589,0.414194717687703,53.3
MIK,4,2,22,96,533,0.665547911,7.52,8.29,6.11,27.832,1713.198,98.48,4500.5,124.0454962,157.9590381,-1.23210748324072,0.299492039292589,0.414194717687703,53.3
MIK,4,3,34,96,533,0.665547911,7.52,8.29,6.11,27.832,1713.198,98.48,4500.5,124.0454962,157.9590381,-1.23210748324072,0.299492039292589,0.414194717687703,53.3
POD,1,0,40,89,701,0.72601313,5.41,6.47,13.18,26.674,3277.261,99,20006.2,158.9271991,153.5538478,-0.0997066515810458,1.07496341243323,1.11079875865322,70.1
POD,1,1,44,89,701,0.72601313,5.41,6.47,13.18,26.674,3277.261,99,20006.2,158.9271991,153.5538478,-0.0997066515810458,1.07496341243323,1.11079875865322,70.1
POD,1,2,36,89,701,0.72601313,5.41,6.47,13.18,26.674,3277.261,99,20006.2,158.9271991,153.5538478,-0.0997066515810458,1.07496341243323,1.11079875865322,70.1
POD,1,3,42,89,701,0.72601313,5.41,6.47,13.18,26.674,3277.261,99,20006.2,158.9271991,153.5538478,-0.0997066515810458,1.07496341243323,1.11079875865322,70.1
POD,2,0,42,89,701,0.72601313,5.41,6.47,13.18,26.674,3277.261,99,20006.2,158.9271991,153.5538478,-0.0997066515810458,1.07496341243323,1.11079875865322,70.1
POD,2,1,42,89,701,0.72601313,5.41,6.47,13.18,26.674,3277.261,99,20006.2,158.9271991,153.5538478,-0.0997066515810458,1.07496341243323,1.11079875865322,70.1
POD,2,2,33,89,701,0.72601313,5.41,6.47,13.18,26.674,3277.261,99,20006.2,158.9271991,153.5538478,-0.0997066515810458,1.07496341243323,1.11079875865322,70.1
POD,2,3,42,89,701,0.72601313,5.41,6.47,13.18,26.674,3277.261,99,20006.2,158.9271991,153.5538478,-0.0997066515810458,1.07496341243323,1.11079875865322,70.1
POD,3,0,44,89,701,0.72601313,5.41,6.47,13.18,26.674,3277.261,99,20006.2,158.9271991,153.5538478,-0.0997066515810458,1.07496341243323,1.11079875865322,70.1
POD,3,1,45,89,701,0.72601313,5.41,6.47,13.18,26.674,3277.261,99,20006.2,158.9271991,153.5538478,-0.0997066515810458,1.07496341243323,1.11079875865322,70.1
POD,3,2,43,89,701,0.72601313,5.41,6.47,13.18,26.674,3277.261,99,20006.2,158.9271991,153.5538478,-0.0997066515810458,1.07496341243323,1.11079875865322,70.1
POD,3,3,41,89,701,0.72601313,5.41,6.47,13.18,26.674,3277.261,99,20006.2,158.9271991,153.5538478,-0.0997066515810458,1.07496341243323,1.11079875865322,70.1
POD,4,0,40,89,701,0.72601313,5.41,6.47,13.18,26.674,3277.261,99,20006.2,158.9271991,153.5538478,-0.0997066515810458,1.07496341243323,1.11079875865322,70.1
POD,4,1,46,89,701,0.72601313,5.41,6.47,13.18,26.674,3277.261,99,20006.2,158.9271991,153.5538478,-0.0997066515810458,1.07496341243323,1.11079875865322,70.1
POD,4,2,37,89,701,0.72601313,5.41,6.47,13.18,26.674,3277.261,99,20006.2,158.9271991,153.5538478,-0.0997066515810458,1.07496341243323,1.11079875865322,70.1
POD,4,3,51,89,701,0.72601313,5.41,6.47,13.18,26.674,3277.261,99,20006.2,158.9271991,153.5538478,-0.0997066515810458,1.07496341243323,1.11079875865322,70.1
SKL,1,0,20,82,630,0.716232294,5.28,6.05,8.89,13.921,3231.694,98.96,1187.3,98.41880776,116.8091805,0.117140388824162,-0.169566228009489,-0.158759092750167,63
SKL,1,1,25,82,630,0.716232294,5.28,6.05,8.89,13.921,3231.694,98.96,1187.3,98.41880776,116.8091805,0.117140388824162,-0.169566228009489,-0.158759092750167,63
SKL,1,2,24,82,630,0.716232294,5.28,6.05,8.89,13.921,3231.694,98.96,1187.3,98.41880776,116.8091805,0.117140388824162,-0.169566228009489,-0.158759092750167,63
SKL,1,3,28,82,630,0.716232294,5.28,6.05,8.89,13.921,3231.694,98.96,1187.3,98.41880776,116.8091805,0.117140388824162,-0.169566228009489,-0.158759092750167,63
SKL,0,0,21,82,630,0.716232294,5.28,6.05,8.89,13.921,3231.694,98.96,1187.3,98.41880776,116.8091805,0.117140388824162,-0.169566228009489,-0.158759092750167,63
SKL,0,1,14,82,630,0.716232294,5.28,6.05,8.89,13.921,3231.694,98.96,1187.3,98.41880776,116.8091805,0.117140388824162,-0.169566228009489,-0.158759092750167,63
SKL,0,2,14,82,630,0.716232294,5.28,6.05,8.89,13.921,3231.694,98.96,1187.3,98.41880776,116.8091805,0.117140388824162,-0.169566228009489,-0.158759092750167,63
SKL,0,3,19,82,630,0.716232294,5.28,6.05,8.89,13.921,3231.694,98.96,1187.3,98.41880776,116.8091805,0.117140388824162,-0.169566228009489,-0.158759092750167,63
SKL,2,0,13,82,630,0.716232294,5.28,6.05,8.89,13.921,3231.694,98.96,1187.3,98.41880776,116.8091805,0.117140388824162,-0.169566228009489,-0.158759092750167,63
SKL,2,1,18,82,630,0.716232294,5.28,6.05,8.89,13.921,3231.694,98.96,1187.3,98.41880776,116.8091805,0.117140388824162,-0.169566228009489,-0.158759092750167,63
SKL,2,2,16,82,630,0.716232294,5.28,6.05,8.89,13.921,3231.694,98.96,1187.3,98.41880776,116.8091805,0.117140388824162,-0.169566228009489,-0.158759092750167,63
SKL,2,3,20,82,630,0.716232294,5.28,6.05,8.89,13.921,3231.694,98.96,1187.3,98.41880776,116.8091805,0.117140388824162,-0.169566228009489,-0.158759092750167,63
SKL,3,0,20,82,630,0.716232294,5.28,6.05,8.89,13.921,3231.694,98.96,1187.3,98.41880776,116.8091805,0.117140388824162,-0.169566228009489,-0.158759092750167,63
SKL,3,1,20,82,630,0.716232294,5.28,6.05,8.89,13.921,3231.694,98.96,1187.3,98.41880776,116.8091805,0.117140388824162,-0.169566228009489,-0.158759092750167,63
SKL,3,2,26,82,630,0.716232294,5.28,6.05,8.89,13.921,3231.694,98.96,1187.3,98.41880776,116.8091805,0.117140388824162,-0.169566228009489,-0.158759092750167,63
SKL,3,3,31,82,630,0.716232294,5.28,6.05,8.89,13.921,3231.694,98.96,1187.3,98.41880776,116.8091805,0.117140388824162,-0.169566228009489,-0.158759092750167,63
SKL,4,0,19,82,630,0.716232294,5.28,6.05,8.89,13.921,3231.694,98.96,1187.3,98.41880776,116.8091805,0.117140388824162,-0.169566228009489,-0.158759092750167,63
SKL,4,1,23,82,630,0.716232294,5.28,6.05,8.89,13.921,3231.694,98.96,1187.3,98.41880776,116.8091805,0.117140388824162,-0.169566228009489,-0.158759092750167,63
SKL,4,2,27,82,630,0.716232294,5.28,6.05,8.89,13.921,3231.694,98.96,1187.3,98.41880776,116.8091805,0.117140388824162,-0.169566228009489,-0.158759092750167,63
SKL,4,3,27,82,630,0.716232294,5.28,6.05,8.89,13.921,3231.694,98.96,1187.3,98.41880776,116.8091805,0.117140388824162,-0.169566228009489,-0.158759092750167,63
SVI,1,0,20,81,593,0.641640426,5.9,4.35,9.07,15.251,4135.029,97.29,1160.31,122.96,329.64,-0.119460680752389,0.175293071850575,-1.08387643604901,59.3
SVI,1,1,28,81,593,0.641640426,5.9,4.35,9.07,15.251,4135.029,97.29,1160.31,122.96,329.64,-0.119460680752389,0.175293071850575,-1.08387643604901,59.3
SVI,1,2,29,81,593,0.641640426,5.9,4.35,9.07,15.251,4135.029,97.29,1160.31,122.96,329.64,-0.119460680752389,0.175293071850575,-1.08387643604901,59.3
SVI,1,3,25,81,593,0.641640426,5.9,4.35,9.07,15.251,4135.029,97.29,1160.31,122.96,329.64,-0.119460680752389,0.175293071850575,-1.08387643604901,59.3
SVI,2,0,15,81,593,0.641640426,5.9,4.35,9.07,15.251,4135.029,97.29,1160.31,122.96,329.64,-0.119460680752389,0.175293071850575,-1.08387643604901,59.3
SVI,2,1,22,81,593,0.641640426,5.9,4.35,9.07,15.251,4135.029,97.29,1160.31,122.96,329.64,-0.119460680752389,0.175293071850575,-1.08387643604901,59.3
SVI,2,2,33,81,593,0.641640426,5.9,4.35,9.07,15.251,4135.029,97.29,1160.31,122.96,329.64,-0.119460680752389,0.175293071850575,-1.08387643604901,59.3
SVI,2,3,29,81,593,0.641640426,5.9,4.35,9.07,15.251,4135.029,97.29,1160.31,122.96,329.64,-0.119460680752389,0.175293071850575,-1.08387643604901,59.3
SVI,3,0,24,81,593,0.641640426,5.9,4.35,9.07,15.251,4135.029,97.29,1160.31,122.96,329.64,-0.119460680752389,0.175293071850575,-1.08387643604901,59.3
SVI,3,1,31,81,593,0.641640426,5.9,4.35,9.07,15.251,4135.029,97.29,1160.31,122.96,329.64,-0.119460680752389,0.175293071850575,-1.08387643604901,59.3
SVI,3,2,29,81,593,0.641640426,5.9,4.35,9.07,15.251,4135.029,97.29,1160.31,122.96,329.64,-0.119460680752389,0.175293071850575,-1.08387643604901,59.3
SVI,3,3,29,81,593,0.641640426,5.9,4.35,9.07,15.251,4135.029,97.29,1160.31,122.96,329.64,-0.119460680752389,0.175293071850575,-1.08387643604901,59.3
SVI,4,0,24,81,593,0.641640426,5.9,4.35,9.07,15.251,4135.029,97.29,1160.31,122.96,329.64,-0.119460680752389,0.175293071850575,-1.08387643604901,59.3
SVI,4,1,21,81,593,0.641640426,5.9,4.35,9.07,15.251,4135.029,97.29,1160.31,122.96,329.64,-0.119460680752389,0.175293071850575,-1.08387643604901,59.3
SVI,4,2,28,81,593,0.641640426,5.9,4.35,9.07,15.251,4135.029,97.29,1160.31,122.96,329.64,-0.119460680752389,0.175293071850575,-1.08387643604901,59.3
SVI,4,3,32,81,593,0.641640426,5.9,4.35,9.07,15.251,4135.029,97.29,1160.31,122.96,329.64,-0.119460680752389,0.175293071850575,-1.08387643604901,59.3
SVK,1,0,8,78,620,0.83677046,4.69,5.59,8.95,12.441,3353.378,98.64,1100.9,81.04232134,206.8167765,0.456870155924881,-0.0347741731268564,-0.428606131500042,62
SVK,1,1,6,78,620,0.83677046,4.69,5.59,8.95,12.441,3353.378,98.64,1100.9,81.04232134,206.8167765,0.456870155924881,-0.0347741731268564,-0.428606131500042,62
SVK,1,2,16,78,620,0.83677046,4.69,5.59,8.95,12.441,3353.378,98.64,1100.9,81.04232134,206.8167765,0.456870155924881,-0.0347741731268564,-0.428606131500042,62
SVK,1,3,18,78,620,0.83677046,4.69,5.59,8.95,12.441,3353.378,98.64,1100.9,81.04232134,206.8167765,0.456870155924881,-0.0347741731268564,-0.428606131500042,62
SVK,0,0,9,78,620,0.83677046,4.69,5.59,8.95,12.441,3353.378,98.64,1100.9,81.04232134,206.8167765,0.456870155924881,-0.0347741731268564,-0.428606131500042,62
SVK,0,1,7,78,620,0.83677046,4.69,5.59,8.95,12.441,3353.378,98.64,1100.9,81.04232134,206.8167765,0.456870155924881,-0.0347741731268564,-0.428606131500042,62
SVK,0,2,10,78,620,0.83677046,4.69,5.59,8.95,12.441,3353.378,98.64,1100.9,81.04232134,206.8167765,0.456870155924881,-0.0347741731268564,-0.428606131500042,62
SVK,0,3,8,78,620,0.83677046,4.69,5.59,8.95,12.441,3353.378,98.64,1100.9,81.04232134,206.8167765,0.456870155924881,-0.0347741731268564,-0.428606131500042,62
SVK,2,0,16,78,620,0.83677046,4.69,5.59,8.95,12.441,3353.378,98.64,1100.9,81.04232134,206.8167765,0.456870155924881,-0.0347741731268564,-0.428606131500042,62
SVK,2,1,18,78,620,0.83677046,4.69,5.59,8.95,12.441,3353.378,98.64,1100.9,81.04232134,206.8167765,0.456870155924881,-0.0347741731268564,-0.428606131500042,62
SVK,2,2,23,78,620,0.83677046,4.69,5.59,8.95,12.441,3353.378,98.64,1100.9,81.04232134,206.8167765,0.456870155924881,-0.0347741731268564,-0.428606131500042,62
SVK,2,3,28,78,620,0.83677046,4.69,5.59,8.95,12.441,3353.378,98.64,1100.9,81.04232134,206.8167765,0.456870155924881,-0.0347741731268564,-0.428606131500042,62
SVK,3,0,7,78,620,0.83677046,4.69,5.59,8.95,12.441,3353.378,98.64,1100.9,81.04232134,206.8167765,0.456870155924881,-0.0347741731268564,-0.428606131500042,62
SVK,3,1,13,78,620,0.83677046,4.69,5.59,8.95,12.441,3353.378,98.64,1100.9,81.04232134,206.8167765,0.456870155924881,-0.0347741731268564,-0.428606131500042,62
SVK,3,2,16,78,620,0.83677046,4.69,5.59,8.95,12.441,3353.378,98.64,1100.9,81.04232134,206.8167765,0.456870155924881,-0.0347741731268564,-0.428606131500042,62
SVK,3,3,26,78,620,0.83677046,4.69,5.59,8.95,12.441,3353.378,98.64,1100.9,81.04232134,206.8167765,0.456870155924881,-0.0347741731268564,-0.428606131500042,62
SVK,4,0,6,78,620,0.83677046,4.69,5.59,8.95,12.441,3353.378,98.64,1100.9,81.04232134,206.8167765,0.456870155924881,-0.0347741731268564,-0.428606131500042,62
SVK,4,1,11,78,620,0.83677046,4.69,5.59,8.95,12.441,3353.378,98.64,1100.9,81.04232134,206.8167765,0.456870155924881,-0.0347741731268564,-0.428606131500042,62
SVK,4,2,15,78,620,0.83677046,4.69,5.59,8.95,12.441,3353.378,98.64,1100.9,81.04232134,206.8167765,0.456870155924881,-0.0347741731268564,-0.428606131500042,62
SVK,4,3,19,78,620,0.83677046,4.69,5.59,8.95,12.441,3353.378,98.64,1100.9,81.04232134,206.8167765,0.456870155924881,-0.0347741731268564,-0.428606131500042,62
VCL,1,0,16,76,735,0.711224254,6.53,7.19,9.42,173.224,3195.105,97.94,1578.2,112.7273412,96.33063706,-0.108918644684699,-0.148712907441839,1.115340573586,73.5
VCL,1,1,19,76,735,0.711224254,6.53,7.19,9.42,173.224,3195.105,97.94,1578.2,112.7273412,96.33063706,-0.108918644684699,-0.148712907441839,1.115340573586,73.5
VCL,1,2,22,76,735,0.711224254,6.53,7.19,9.42,173.224,3195.105,97.94,1578.2,112.7273412,96.33063706,-0.108918644684699,-0.148712907441839,1.115340573586,73.5
VCL,1,3,19,76,735,0.711224254,6.53,7.19,9.42,173.224,3195.105,97.94,1578.2,112.7273412,96.33063706,-0.108918644684699,-0.148712907441839,1.115340573586,73.5
VCL,0,0,13,76,735,0.711224254,6.53,7.19,9.42,173.224,3195.105,97.94,1578.2,112.7273412,96.33063706,-0.108918644684699,-0.148712907441839,1.115340573586,73.5
VCL,0,1,10,76,735,0.711224254,6.53,7.19,9.42,173.224,3195.105,97.94,1578.2,112.7273412,96.33063706,-0.108918644684699,-0.148712907441839,1.115340573586,73.5
VCL,0,2,15,76,735,0.711224254,6.53,7.19,9.42,173.224,3195.105,97.94,1578.2,112.7273412,96.33063706,-0.108918644684699,-0.148712907441839,1.115340573586,73.5
VCL,0,3,21,76,735,0.711224254,6.53,7.19,9.42,173.224,3195.105,97.94,1578.2,112.7273412,96.33063706,-0.108918644684699,-0.148712907441839,1.115340573586,73.5
VCL,2,0,16,76,735,0.711224254,6.53,7.19,9.42,173.224,3195.105,97.94,1578.2,112.7273412,96.33063706,-0.108918644684699,-0.148712907441839,1.115340573586,73.5
VCL,2,1,17,76,735,0.711224254,6.53,7.19,9.42,173.224,3195.105,97.94,1578.2,112.7273412,96.33063706,-0.108918644684699,-0.148712907441839,1.115340573586,73.5
VCL,2,2,21,76,735,0.711224254,6.53,7.19,9.42,173.224,3195.105,97.94,1578.2,112.7273412,96.33063706,-0.108918644684699,-0.148712907441839,1.115340573586,73.5
VCL,2,3,19,76,735,0.711224254,6.53,7.19,9.42,173.224,3195.105,97.94,1578.2,112.7273412,96.33063706,-0.108918644684699,-0.148712907441839,1.115340573586,73.5
VCL,3,0,17,76,735,0.711224254,6.53,7.19,9.42,173.224,3195.105,97.94,1578.2,112.7273412,96.33063706,-0.108918644684699,-0.148712907441839,1.115340573586,73.5
VCL,3,1,17,76,735,0.711224254,6.53,7.19,9.42,173.224,3195.105,97.94,1578.2,112.7273412,96.33063706,-0.108918644684699,-0.148712907441839,1.115340573586,73.5
VCL,3,2,16,76,735,0.711224254,6.53,7.19,9.42,173.224,3195.105,97.94,1578.2,112.7273412,96.33063706,-0.108918644684699,-0.148712907441839,1.115340573586,73.5
VCL,3,3,20,76,735,0.711224254,6.53,7.19,9.42,173.224,3195.105,97.94,1578.2,112.7273412,96.33063706,-0.108918644684699,-0.148712907441839,1.115340573586,73.5
VCL,4,0,17,76,735,0.711224254,6.53,7.19,9.42,173.224,3195.105,97.94,1578.2,112.7273412,96.33063706,-0.108918644684699,-0.148712907441839,1.115340573586,73.5
VCL,4,1,17,76,735,0.711224254,6.53,7.19,9.42,173.224,3195.105,97.94,1578.2,112.7273412,96.33063706,-0.108918644684699,-0.148712907441839,1.115340573586,73.5
VCL,4,2,18,76,735,0.711224254,6.53,7.19,9.42,173.224,3195.105,97.94,1578.2,112.7273412,96.33063706,-0.108918644684699,-0.148712907441839,1.115340573586,73.5
VCL,4,3,17,76,735,0.711224254,6.53,7.19,9.42,173.224,3195.105,97.94,1578.2,112.7273412,96.33063706,-0.108918644684699,-0.148712907441839,1.115340573586,73.5
ZUB,1,0,10,71,683,0.618990511,5.03,5.92,12.16,9.975,5239.779,97.9,898,68.12672001,80.77846295,0.736118218232125,-0.353964590643201,-0.495495256483495,68.3
ZUB,1,1,17,71,683,0.618990511,5.03,5.92,12.16,9.975,5239.779,97.9,898,68.12672001,80.77846295,0.736118218232125,-0.353964590643201,-0.495495256483495,68.3
ZUB,1,2,15,71,683,0.618990511,5.03,5.92,12.16,9.975,5239.779,97.9,898,68.12672001,80.77846295,0.736118218232125,-0.353964590643201,-0.495495256483495,68.3
ZUB,0,0,15,71,683,0.618990511,5.03,5.92,12.16,9.975,5239.779,97.9,898,68.12672001,80.77846295,0.736118218232125,-0.353964590643201,-0.495495256483495,68.3
ZUB,0,1,14,71,683,0.618990511,5.03,5.92,12.16,9.975,5239.779,97.9,898,68.12672001,80.77846295,0.736118218232125,-0.353964590643201,-0.495495256483495,68.3
ZUB,0,2,15,71,683,0.618990511,5.03,5.92,12.16,9.975,5239.779,97.9,898,68.12672001,80.77846295,0.736118218232125,-0.353964590643201,-0.495495256483495,68.3
ZUB,2,0,14,71,683,0.618990511,5.03,5.92,12.16,9.975,5239.779,97.9,898,68.12672001,80.77846295,0.736118218232125,-0.353964590643201,-0.495495256483495,68.3
ZUB,2,1,16,71,683,0.618990511,5.03,5.92,12.16,9.975,5239.779,97.9,898,68.12672001,80.77846295,0.736118218232125,-0.353964590643201,-0.495495256483495,68.3
ZUB,2,2,19,71,683,0.618990511,5.03,5.92,12.16,9.975,5239.779,97.9,898,68.12672001,80.77846295,0.736118218232125,-0.353964590643201,-0.495495256483495,68.3
ZUB,3,0,11,71,683,0.618990511,5.03,5.92,12.16,9.975,5239.779,97.9,898,68.12672001,80.77846295,0.736118218232125,-0.353964590643201,-0.495495256483495,68.3
ZUB,3,1,16,71,683,0.618990511,5.03,5.92,12.16,9.975,5239.779,97.9,898,68.12672001,80.77846295,0.736118218232125,-0.353964590643201,-0.495495256483495,68.3
ZUB,3,2,18,71,683,0.618990511,5.03,5.92,12.16,9.975,5239.779,97.9,898,68.12672001,80.77846295,0.736118218232125,-0.353964590643201,-0.495495256483495,68.3
ZUB,4,0,12,71,683,0.618990511,5.03,5.92,12.16,9.975,5239.779,97.9,898,68.12672001,80.77846295,0.736118218232125,-0.353964590643201,-0.495495256483495,68.3
ZUB,4,1,17,71,683,0.618990511,5.03,5.92,12.16,9.975,5239.779,97.9,898,68.12672001,80.77846295,0.736118218232125,-0.353964590643201,-0.495495256483495,68.3
ZUB,4,2,19,71,683,0.618990511,5.03,5.92,12.16,9.975,5239.779,97.9,898,68.12672001,80.77846295,0.736118218232125,-0.353964590643201,-0.495495256483495,68.3
