Releve number,Background_plots,site,treatment,value,year,redlisted,PC1,PC2,PC3
199,403225,ADA,0,0.9063585130790911,0,14,-1.40701128736005,-0.10127527743023,0.184745269886119
204,403225,ADA,0,0.8584283349944622,1,14,-1.40701128736005,-0.10127527743023,0.184745269886119
209,114296,ADA,0,0.8128547597505386,2,5,-1.40701128736005,-0.10127527743023,0.184745269886119
214,403225,ADA,0,0.8599500117310248,3,14,-1.40701128736005,-0.10127527743023,0.184745269886119
200,403225,ADA,1,0.9195804109532262,0,14,-1.40701128736005,-0.10127527743023,0.184745269886119
205,403225,ADA,1,0.8886006035111552,1,14,-1.40701128736005,-0.10127527743023,0.184745269886119
210,114296,ADA,1,0.8563928318064404,2,5,-1.40701128736005,-0.10127527743023,0.184745269886119
215,403225,ADA,1,0.8831579256928893,3,14,-1.40701128736005,-0.10127527743023,0.184745269886119
201,403225,ADA,2,0.878586264717762,0,14,-1.40701128736005,-0.10127527743023,0.184745269886119
206,114296,ADA,2,0.8617859751578587,1,5,-1.40701128736005,-0.10127527743023,0.184745269886119
211,114296,ADA,2,0.8247063677844573,2,5,-1.40701128736005,-0.10127527743023,0.184745269886119
216,403340,ADA,2,0.8539232787988537,3,18,-1.40701128736005,-0.10127527743023,0.184745269886119
202,403225,ADA,3,0.9044907093077882,0,14,-1.40701128736005,-0.10127527743023,0.184745269886119
207,114296,ADA,3,0.8342044720384832,1,5,-1.40701128736005,-0.10127527743023,0.184745269886119
212,403225,ADA,3,0.8243213879224651,2,14,-1.40701128736005,-0.10127527743023,0.184745269886119
217,403225,ADA,3,0.8313519825181074,3,14,-1.40701128736005,-0.10127527743023,0.184745269886119
203,114296,ADA,4,0.903606507672729,0,5,-1.40701128736005,-0.10127527743023,0.184745269886119
208,403340,ADA,4,0.8586100905399074,1,18,-1.40701128736005,-0.10127527743023,0.184745269886119
213,403340,ADA,4,0.8652670051350505,2,18,-1.40701128736005,-0.10127527743023,0.184745269886119
218,403340,ADA,4,0.8674450703248687,3,18,-1.40701128736005,-0.10127527743023,0.184745269886119
309,162851,BAR,1,0.8302252829550877,0,1,1.98047028061971,-0.438961187703609,-0.0681486016344044
310,184027,BAR,1,0.8146600027309299,1,0,1.98047028061971,-0.438961187703609,-0.0681486016344044
311,282091,BAR,1,0.7663094926442626,2,1,1.98047028061971,-0.438961187703609,-0.0681486016344044
312,282091,BAR,1,0.7565028062766597,3,1,1.98047028061971,-0.438961187703609,-0.0681486016344044
313,517845,BAR,2,0.7749041500246405,0,3,1.98047028061971,-0.438961187703609,-0.0681486016344044
314,116507,BAR,2,0.7383245665462715,1,0,1.98047028061971,-0.438961187703609,-0.0681486016344044
315,115650,BAR,2,0.7813710180261243,2,0,1.98047028061971,-0.438961187703609,-0.0681486016344044
316,517846,BAR,2,0.7976632298974146,3,4,1.98047028061971,-0.438961187703609,-0.0681486016344044
317,517845,BAR,3,0.8364812496606625,0,3,1.98047028061971,-0.438961187703609,-0.0681486016344044
318,282285,BAR,3,0.7168620010234463,1,1,1.98047028061971,-0.438961187703609,-0.0681486016344044
319,282285,BAR,3,0.7171099486031555,2,1,1.98047028061971,-0.438961187703609,-0.0681486016344044
320,282285,BAR,3,0.7350147140936866,3,1,1.98047028061971,-0.438961187703609,-0.0681486016344044
323,162864,BAR,4,0.8482116870809209,0,1,1.98047028061971,-0.438961187703609,-0.0681486016344044
324,510196,BAR,4,0.817929313258749,1,1,1.98047028061971,-0.438961187703609,-0.0681486016344044
321,282121,BAR,4,0.7721617283118563,2,1,1.98047028061971,-0.438961187703609,-0.0681486016344044
322,458870,BAR,4,0.7356722209792955,3,1,1.98047028061971,-0.438961187703609,-0.0681486016344044
277,282411,CER,1,0.5362996021206753,0,9,0.299917980789904,2.09418671224462,-1.02197707144694
287,282411,CER,1,0.594380890730123,1,9,0.299917980789904,2.09418671224462,-1.02197707144694
288,282411,CER,1,0.5708943879103613,2,9,0.299917980789904,2.09418671224462,-1.02197707144694
289,282411,CER,1,0.6012348612165226,3,9,0.299917980789904,2.09418671224462,-1.02197707144694
282,282411,CER,2,0.5137751514261325,0,9,0.299917980789904,2.09418671224462,-1.02197707144694
283,282411,CER,2,0.5167729273243616,1,9,0.299917980789904,2.09418671224462,-1.02197707144694
290,282411,CER,2,0.5604131833741427,2,9,0.299917980789904,2.09418671224462,-1.02197707144694
284,282411,CER,2,0.5198401209094425,3,9,0.299917980789904,2.09418671224462,-1.02197707144694
291,282411,CER,3,0.5665364040018542,0,9,0.299917980789904,2.09418671224462,-1.02197707144694
285,282411,CER,3,0.6035945495466278,1,9,0.299917980789904,2.09418671224462,-1.02197707144694
286,282411,CER,3,0.5808622805216886,2,9,0.299917980789904,2.09418671224462,-1.02197707144694
292,282411,CER,3,0.5383706571414082,3,9,0.299917980789904,2.09418671224462,-1.02197707144694
278,282411,CER,4,0.6040347553037908,0,9,0.299917980789904,2.09418671224462,-1.02197707144694
279,282411,CER,4,0.5824360343731951,1,9,0.299917980789904,2.09418671224462,-1.02197707144694
280,282411,CER,4,0.6045631367141644,2,9,0.299917980789904,2.09418671224462,-1.02197707144694
281,282411,CER,4,0.590163779570078,3,9,0.299917980789904,2.09418671224462,-1.02197707144694
49,114112,CVI,0,0.9254430811168225,0,1,-0.240507666590561,-0.203118405976181,0.677322316245555
67,545515,CVI,0,0.9228585575006133,1,3,-0.240507666590561,-0.203118405976181,0.677322316245555
82,545515,CVI,0,0.8799439725253415,2,3,-0.240507666590561,-0.203118405976181,0.677322316245555
97,120372,CVI,0,0.8773027734127351,3,2,-0.240507666590561,-0.203118405976181,0.677322316245555
50,426170,CVI,1,0.7815777256452004,0,5,-0.240507666590561,-0.203118405976181,0.677322316245555
68,426170,CVI,1,0.7731764615395296,1,5,-0.240507666590561,-0.203118405976181,0.677322316245555
83,426170,CVI,1,0.7174578046577479,2,5,-0.240507666590561,-0.203118405976181,0.677322316245555
98,114112,CVI,1,0.687409364683429,3,1,-0.240507666590561,-0.203118405976181,0.677322316245555
51,114112,CVI,2,0.8552456582252259,0,1,-0.240507666590561,-0.203118405976181,0.677322316245555
69,114112,CVI,2,0.7934502906886803,1,1,-0.240507666590561,-0.203118405976181,0.677322316245555
18,114112,CVI,2,0.6914519684705301,2,1,-0.240507666590561,-0.203118405976181,0.677322316245555
99,114112,CVI,2,0.670575871298284,3,1,-0.240507666590561,-0.203118405976181,0.677322316245555
52,114112,CVI,3,0.8446184487898803,0,1,-0.240507666590561,-0.203118405976181,0.677322316245555
70,426170,CVI,3,0.8123633849443667,1,5,-0.240507666590561,-0.203118405976181,0.677322316245555
84,426170,CVI,3,0.7735554348043931,2,5,-0.240507666590561,-0.203118405976181,0.677322316245555
100,426170,CVI,3,0.7701747717772187,3,5,-0.240507666590561,-0.203118405976181,0.677322316245555
53,426170,CVI,4,0.7696850493335187,0,5,-0.240507666590561,-0.203118405976181,0.677322316245555
71,426170,CVI,4,0.7726861068310428,1,5,-0.240507666590561,-0.203118405976181,0.677322316245555
85,426170,CVI,4,0.7044375705021994,2,5,-0.240507666590561,-0.203118405976181,0.677322316245555
101,426170,CVI,4,0.70485231877035,3,5,-0.240507666590561,-0.203118405976181,0.677322316245555
391,423753,DUC,0,0.6855759202918834,0,1,0.732449110907632,-1.47982560997619,0.494020012417847
398,282121,DUC,0,0.7054511836600639,1,1,0.732449110907632,-1.47982560997619,0.494020012417847
405,282420,DUC,0,0.7099543656193896,2,0,0.732449110907632,-1.47982560997619,0.494020012417847
392,282420,DUC,1,0.6411529618732579,0,0,0.732449110907632,-1.47982560997619,0.494020012417847
399,282121,DUC,1,0.634648735449161,1,1,0.732449110907632,-1.47982560997619,0.494020012417847
406,282121,DUC,1,0.625322415402809,2,1,0.732449110907632,-1.47982560997619,0.494020012417847
393,282121,DUC,2,0.6106028596334376,0,1,0.732449110907632,-1.47982560997619,0.494020012417847
400,282121,DUC,2,0.637887718702169,1,1,0.732449110907632,-1.47982560997619,0.494020012417847
407,458830,DUC,2,0.5724591931259941,2,1,0.732449110907632,-1.47982560997619,0.494020012417847
394,282121,DUC,3,0.6047279777237321,0,1,0.732449110907632,-1.47982560997619,0.494020012417847
401,458830,DUC,3,0.667261841951626,1,1,0.732449110907632,-1.47982560997619,0.494020012417847
408,458830,DUC,3,0.5785366354119483,2,1,0.732449110907632,-1.47982560997619,0.494020012417847
395,282420,DUC,4,0.6809512783835127,0,0,0.732449110907632,-1.47982560997619,0.494020012417847
402,184111,DUC,4,0.6347944563121284,1,1,0.732449110907632,-1.47982560997619,0.494020012417847
409,458830,DUC,4,0.6103015303963168,2,1,0.732449110907632,-1.47982560997619,0.494020012417847
396,423753,DUC,3,0.6738849153880272,0,1,0.732449110907632,-1.47982560997619,0.494020012417847
403,184111,DUC,3,0.6371701235048671,1,1,0.732449110907632,-1.47982560997619,0.494020012417847
410,184111,DUC,3,0.6269087985562203,2,1,0.732449110907632,-1.47982560997619,0.494020012417847
397,282121,DUC,4,0.6353821460206457,0,1,0.732449110907632,-1.47982560997619,0.494020012417847
404,282121,DUC,4,0.6391369057399451,1,1,0.732449110907632,-1.47982560997619,0.494020012417847
411,282121,DUC,4,0.5909408655263606,2,1,0.732449110907632,-1.47982560997619,0.494020012417847
219,310659,HIG,0,0.9020189838299298,0,8,-1.56563478200371,0.380280344311849,-1.61937541603383
224,310659,HIG,0,0.9131921096613164,1,8,-1.56563478200371,0.380280344311849,-1.61937541603383
229,310659,HIG,0,0.8952064461871037,2,8,-1.56563478200371,0.380280344311849,-1.61937541603383
220,310659,HIG,1,0.9258194328979011,0,8,-1.56563478200371,0.380280344311849,-1.61937541603383
225,310659,HIG,1,0.9351714247865184,1,8,-1.56563478200371,0.380280344311849,-1.61937541603383
230,452439,HIG,1,0.9348680159955353,2,6,-1.56563478200371,0.380280344311849,-1.61937541603383
234,113258,HIG,1,0.8993996702240201,3,8,-1.56563478200371,0.380280344311849,-1.61937541603383
221,310659,HIG,2,0.9635412247714614,0,8,-1.56563478200371,0.380280344311849,-1.61937541603383
226,452439,HIG,2,0.9456988557834796,1,6,-1.56563478200371,0.380280344311849,-1.61937541603383
231,113261,HIG,2,0.9271752607051522,2,12,-1.56563478200371,0.380280344311849,-1.61937541603383
235,113261,HIG,2,0.9176596500325749,3,12,-1.56563478200371,0.380280344311849,-1.61937541603383
222,310659,HIG,3,0.9313548561880951,0,8,-1.56563478200371,0.380280344311849,-1.61937541603383
227,310659,HIG,3,0.9131921096613164,1,8,-1.56563478200371,0.380280344311849,-1.61937541603383
232,310659,HIG,3,0.9140410225607858,2,8,-1.56563478200371,0.380280344311849,-1.61937541603383
236,452439,HIG,3,0.9090669433209161,3,6,-1.56563478200371,0.380280344311849,-1.61937541603383
223,310659,HIG,4,0.9013045131338637,0,8,-1.56563478200371,0.380280344311849,-1.61937541603383
228,310659,HIG,4,0.8883921313766728,1,8,-1.56563478200371,0.380280344311849,-1.61937541603383
233,310659,HIG,4,0.8792128346468715,2,8,-1.56563478200371,0.380280344311849,-1.61937541603383
237,113258,HIG,4,0.8487918793852899,3,8,-1.56563478200371,0.380280344311849,-1.61937541603383
363,452414,ILI,0,0.7241709835401093,0,1,-0.37292593065102,-1.02453635884729,-1.03830953891901
370,282290,ILI,0,0.7234544304275025,1,3,-0.37292593065102,-1.02453635884729,-1.03830953891901
377,282290,ILI,0,0.7808322151445843,2,3,-0.37292593065102,-1.02453635884729,-1.03830953891901
384,282290,ILI,0,0.7299899350089696,3,3,-0.37292593065102,-1.02453635884729,-1.03830953891901
364,452414,ILI,1,0.7221998074273691,0,1,-0.37292593065102,-1.02453635884729,-1.03830953891901
371,282288,ILI,1,0.7278726545816906,1,2,-0.37292593065102,-1.02453635884729,-1.03830953891901
378,282288,ILI,1,0.7723073392276234,2,2,-0.37292593065102,-1.02453635884729,-1.03830953891901
385,282288,ILI,1,0.6682409963950667,3,2,-0.37292593065102,-1.02453635884729,-1.03830953891901
365,115650,ILI,2,0.762009695325648,0,0,-0.37292593065102,-1.02453635884729,-1.03830953891901
372,115613,ILI,2,0.7572830329267072,1,1,-0.37292593065102,-1.02453635884729,-1.03830953891901
379,282367,ILI,2,0.7155210453003874,2,7,-0.37292593065102,-1.02453635884729,-1.03830953891901
386,282367,ILI,2,0.7199102070962204,3,7,-0.37292593065102,-1.02453635884729,-1.03830953891901
366,115652,ILI,3,0.8222162489196079,0,1,-0.37292593065102,-1.02453635884729,-1.03830953891901
373,115613,ILI,3,0.7417232273227878,1,1,-0.37292593065102,-1.02453635884729,-1.03830953891901
380,115613,ILI,3,0.6716933095441701,2,1,-0.37292593065102,-1.02453635884729,-1.03830953891901
387,115613,ILI,3,0.6530600386727208,3,1,-0.37292593065102,-1.02453635884729,-1.03830953891901
367,571531,ILI,4,0.823968599365615,0,1,-0.37292593065102,-1.02453635884729,-1.03830953891901
374,115613,ILI,4,0.762756800373066,1,1,-0.37292593065102,-1.02453635884729,-1.03830953891901
381,452434,ILI,4,0.7242820031122461,2,6,-0.37292593065102,-1.02453635884729,-1.03830953891901
388,347543,ILI,4,0.6989784593798154,3,3,-0.37292593065102,-1.02453635884729,-1.03830953891901
368,347545,ILI,3,0.8277581435536369,0,3,-0.37292593065102,-1.02453635884729,-1.03830953891901
375,119468,ILI,3,0.7912718378448894,1,5,-0.37292593065102,-1.02453635884729,-1.03830953891901
382,282367,ILI,3,0.7364592236692928,2,7,-0.37292593065102,-1.02453635884729,-1.03830953891901
389,115613,ILI,3,0.742660267223371,3,1,-0.37292593065102,-1.02453635884729,-1.03830953891901
369,282290,ILI,4,0.8244632741424365,0,3,-0.37292593065102,-1.02453635884729,-1.03830953891901
376,115613,ILI,4,0.7133063384951588,1,1,-0.37292593065102,-1.02453635884729,-1.03830953891901
383,282367,ILI,4,0.6912240512290531,2,7,-0.37292593065102,-1.02453635884729,-1.03830953891901
390,282367,ILI,4,0.6668560844954106,3,7,-0.37292593065102,-1.02453635884729,-1.03830953891901
161,282312,JAZ,0,0.6754754732418663,0,10,0.0799126296752948,-0.290154272496496,0.737498048842961
154,282312,JAZ,0,0.6951258666950423,1,10,0.0799126296752948,-0.290154272496496,0.737498048842961
166,282312,JAZ,0,0.6909811799793522,2,10,0.0799126296752948,-0.290154272496496,0.737498048842961
168,282312,JAZ,0,0.6884430818027777,3,10,0.0799126296752948,-0.290154272496496,0.737498048842961
162,282312,JAZ,1,0.7153389344659985,0,10,0.0799126296752948,-0.290154272496496,0.737498048842961
155,282312,JAZ,1,0.7126498046213074,1,10,0.0799126296752948,-0.290154272496496,0.737498048842961
167,282312,JAZ,1,0.7020065044747991,2,10,0.0799126296752948,-0.290154272496496,0.737498048842961
169,282312,JAZ,1,0.6767854518648047,3,10,0.0799126296752948,-0.290154272496496,0.737498048842961
178,282312,JAZ,2,0.7752595681260834,0,10,0.0799126296752948,-0.290154272496496,0.737498048842961
183,282312,JAZ,2,0.7291727799039482,1,10,0.0799126296752948,-0.290154272496496,0.737498048842961
182,282312,JAZ,2,0.6956732100755394,2,10,0.0799126296752948,-0.290154272496496,0.737498048842961
170,282312,JAZ,2,0.6859473662747367,3,10,0.0799126296752948,-0.290154272496496,0.737498048842961
163,282312,JAZ,3,0.7209196704750973,0,10,0.0799126296752948,-0.290154272496496,0.737498048842961
156,282312,JAZ,3,0.78999224939348,1,10,0.0799126296752948,-0.290154272496496,0.737498048842961
125,282312,JAZ,3,0.7201758661029785,2,10,0.0799126296752948,-0.290154272496496,0.737498048842961
131,282306,JAZ,3,0.6876050502634039,3,7,0.0799126296752948,-0.290154272496496,0.737498048842961
176,404003,JAZ,4,0.7400383335390108,0,9,0.0799126296752948,-0.290154272496496,0.737498048842961
118,209593,JAZ,4,0.7506276753646007,1,5,0.0799126296752948,-0.290154272496496,0.737498048842961
126,282312,JAZ,4,0.6736344267466294,2,10,0.0799126296752948,-0.290154272496496,0.737498048842961
132,350024,JAZ,4,0.696096644114702,3,3,0.0799126296752948,-0.290154272496496,0.737498048842961
335,282420,KYS,0,0.7330210207108739,0,0,1.62452969258617,0.64031228338169,-0.564609795420682
342,282351,KYS,0,0.756290025916166,1,2,1.62452969258617,0.64031228338169,-0.564609795420682
349,282287,KYS,0,0.6857797607797417,2,3,1.62452969258617,0.64031228338169,-0.564609795420682
356,282286,KYS,0,0.7133185572324164,3,2,1.62452969258617,0.64031228338169,-0.564609795420682
336,282121,KYS,1,0.7448618285020432,0,1,1.62452969258617,0.64031228338169,-0.564609795420682
343,404006,KYS,1,0.678872234776901,1,3,1.62452969258617,0.64031228338169,-0.564609795420682
350,404006,KYS,1,0.7172465939481856,2,3,1.62452969258617,0.64031228338169,-0.564609795420682
357,404006,KYS,1,0.6562949672191045,3,3,1.62452969258617,0.64031228338169,-0.564609795420682
337,282285,KYS,2,0.6866396161303318,0,1,1.62452969258617,0.64031228338169,-0.564609795420682
344,282280,KYS,2,0.6770877466864458,1,8,1.62452969258617,0.64031228338169,-0.564609795420682
351,282285,KYS,2,0.649522745422873,2,1,1.62452969258617,0.64031228338169,-0.564609795420682
358,350054,KYS,2,0.6593400209647715,3,1,1.62452969258617,0.64031228338169,-0.564609795420682
338,282287,KYS,3,0.7492641665024424,0,3,1.62452969258617,0.64031228338169,-0.564609795420682
345,282287,KYS,3,0.6681935818953191,1,3,1.62452969258617,0.64031228338169,-0.564609795420682
352,282287,KYS,3,0.6585360865566724,2,3,1.62452969258617,0.64031228338169,-0.564609795420682
359,282274,KYS,3,0.6596059148161001,3,2,1.62452969258617,0.64031228338169,-0.564609795420682
339,282121,KYS,4,0.7271994672689676,0,1,1.62452969258617,0.64031228338169,-0.564609795420682
346,282287,KYS,4,0.6652903145548895,1,3,1.62452969258617,0.64031228338169,-0.564609795420682
353,404006,KYS,4,0.6190259983543435,2,3,1.62452969258617,0.64031228338169,-0.564609795420682
360,404006,KYS,4,0.5805622087031201,3,3,1.62452969258617,0.64031228338169,-0.564609795420682
340,282287,KYS,3,0.8073888852032705,0,3,1.62452969258617,0.64031228338169,-0.564609795420682
347,282121,KYS,3,0.7435754001953658,1,1,1.62452969258617,0.64031228338169,-0.564609795420682
354,282287,KYS,3,0.7265296988557377,2,3,1.62452969258617,0.64031228338169,-0.564609795420682
361,282121,KYS,3,0.6931779632788225,3,1,1.62452969258617,0.64031228338169,-0.564609795420682
341,282280,KYS,4,0.7821611450260655,0,8,1.62452969258617,0.64031228338169,-0.564609795420682
348,350100,KYS,4,0.6975867063500156,1,1,1.62452969258617,0.64031228338169,-0.564609795420682
355,404006,KYS,4,0.625932078280347,2,3,1.62452969258617,0.64031228338169,-0.564609795420682
362,404006,KYS,4,0.6176268814202329,3,3,1.62452969258617,0.64031228338169,-0.564609795420682
157,282365,LET,1,0.6372498024729544,0,13,0.0400773837874314,1.21641847888886,0.470009825626944
153,282365,LET,1,0.6807200585059926,1,13,0.0400773837874314,1.21641847888886,0.470009825626944
164,282365,LET,1,0.6763803370041072,2,13,0.0400773837874314,1.21641847888886,0.470009825626944
171,282365,LET,1,0.6363174389080114,3,13,0.0400773837874314,1.21641847888886,0.470009825626944
158,282365,LET,2,0.6354231380077594,0,13,0.0400773837874314,1.21641847888886,0.470009825626944
180,282365,LET,2,0.7320082037535456,1,13,0.0400773837874314,1.21641847888886,0.470009825626944
165,282365,LET,2,0.60763367813128355,2,13,0.0400773837874314,1.21641847888886,0.470009825626944
172,282365,LET,2,0.6461899232185517,3,13,0.0400773837874314,1.21641847888886,0.470009825626944
159,282365,LET,3,0.6211864034647278,0,13,0.0400773837874314,1.21641847888886,0.470009825626944
116,282365,LET,3,0.7343575421106332,1,13,0.0400773837874314,1.21641847888886,0.470009825626944
123,282365,LET,3,0.6583003931193304,2,13,0.0400773837874314,1.21641847888886,0.470009825626944
133,282324,LET,3,0.6833935841962611,3,12,0.0400773837874314,1.21641847888886,0.470009825626944
160,282365,LET,4,0.6122794564815008,0,13,0.0400773837874314,1.21641847888886,0.470009825626944
117,282365,LET,4,0.7180634049559282,1,13,0.0400773837874314,1.21641847888886,0.470009825626944
124,282365,LET,4,0.6504210187459561,2,13,0.0400773837874314,1.21641847888886,0.470009825626944
134,282365,LET,4,0.7137642008513265,3,13,0.0400773837874314,1.21641847888886,0.470009825626944
43,120372,LOM,0,0.8755108324112683,0,2,-0.627543808076658,-0.16258646897405,1.11501720592328
60,545515,LOM,0,0.9210029499936824,1,3,-0.627543808076658,-0.16258646897405,1.11501720592328
75,545515,LOM,0,0.8554729628154354,2,3,-0.627543808076658,-0.16258646897405,1.11501720592328
90,120372,LOM,0,0.8699591604100729,3,2,-0.627543808076658,-0.16258646897405,1.11501720592328
108,119468,LOM,1,0.9090869109723722,0,5,-0.627543808076658,-0.16258646897405,1.11501720592328
61,119468,LOM,1,0.8712608215223772,1,5,-0.627543808076658,-0.16258646897405,1.11501720592328
114,114112,LOM,1,0.8449981802871478,2,1,-0.627543808076658,-0.16258646897405,1.11501720592328
91,114112,LOM,1,0.8319425510194071,3,1,-0.627543808076658,-0.16258646897405,1.11501720592328
109,120372,LOM,2,0.8700815372696822,0,2,-0.627543808076658,-0.16258646897405,1.11501720592328
112,407845,LOM,2,0.8345926177727193,1,4,-0.627543808076658,-0.16258646897405,1.11501720592328
115,114112,LOM,2,0.7239741287728249,2,1,-0.627543808076658,-0.16258646897405,1.11501720592328
19,114112,LOM,2,0.737024357412552,3,1,-0.627543808076658,-0.16258646897405,1.11501720592328
110,347537,LOM,3,0.8413569377789896,0,2,-0.627543808076658,-0.16258646897405,1.11501720592328
62,162822,LOM,3,0.8037059859034856,1,0,-0.627543808076658,-0.16258646897405,1.11501720592328
76,347537,LOM,3,0.7250628836256745,2,2,-0.627543808076658,-0.16258646897405,1.11501720592328
20,347537,LOM,3,0.7278619183848141,3,2,-0.627543808076658,-0.16258646897405,1.11501720592328
111,347537,LOM,4,0.8832104881923954,0,2,-0.627543808076658,-0.16258646897405,1.11501720592328
113,119468,LOM,4,0.8518357715409939,1,5,-0.627543808076658,-0.16258646897405,1.11501720592328
77,114112,LOM,4,0.7909497143153401,2,1,-0.627543808076658,-0.16258646897405,1.11501720592328
21,114112,LOM,4,0.7615852782791791,3,1,-0.627543808076658,-0.16258646897405,1.11501720592328
257,452425,MIK,0,0.8810242610671257,0,6,-1.23210748324072,0.299492039292589,0.414194717687703
262,452425,MIK,0,0.8978754754828476,1,6,-1.23210748324072,0.299492039292589,0.414194717687703
267,452425,MIK,0,0.8588861055597228,2,6,-1.23210748324072,0.299492039292589,0.414194717687703
272,452425,MIK,0,0.8613704385603659,3,6,-1.23210748324072,0.299492039292589,0.414194717687703
258,452425,MIK,1,0.8795014012963777,0,6,-1.23210748324072,0.299492039292589,0.414194717687703
263,417788,MIK,1,0.8711606797719219,1,10,-1.23210748324072,0.299492039292589,0.414194717687703
268,452425,MIK,1,0.8488244855787066,2,6,-1.23210748324072,0.299492039292589,0.414194717687703
273,452425,MIK,1,0.8236485207328256,3,6,-1.23210748324072,0.299492039292589,0.414194717687703
259,452425,MIK,2,0.9071804595812892,0,6,-1.23210748324072,0.299492039292589,0.414194717687703
264,502047,MIK,2,0.9057414306104338,1,11,-1.23210748324072,0.299492039292589,0.414194717687703
269,452425,MIK,2,0.8487624930489569,2,6,-1.23210748324072,0.299492039292589,0.414194717687703
274,452425,MIK,2,0.8545627440560976,3,6,-1.23210748324072,0.299492039292589,0.414194717687703
260,502047,MIK,3,0.9036922829664237,0,11,-1.23210748324072,0.299492039292589,0.414194717687703
265,417788,MIK,3,0.9436735023421469,1,10,-1.23210748324072,0.299492039292589,0.414194717687703
270,452425,MIK,3,0.867597222212932,2,6,-1.23210748324072,0.299492039292589,0.414194717687703
275,452425,MIK,3,0.8565798357344907,3,6,-1.23210748324072,0.299492039292589,0.414194717687703
261,417788,MIK,4,0.935879924609441,0,10,-1.23210748324072,0.299492039292589,0.414194717687703
266,502047,MIK,4,0.911856140714597,1,11,-1.23210748324072,0.299492039292589,0.414194717687703
271,452425,MIK,4,0.930669315389608,2,6,-1.23210748324072,0.299492039292589,0.414194717687703
276,417790,MIK,4,0.8940294625103206,3,11,-1.23210748324072,0.299492039292589,0.414194717687703
143,209559,POD,1,0.7855446775474931,0,2,-0.0997066515810458,1.07496341243323,1.11079875865322
173,282327,POD,1,0.7724882406837912,1,2,-0.0997066515810458,1.07496341243323,1.11079875865322
119,282327,POD,1,0.754561034987287,2,2,-0.0997066515810458,1.07496341243323,1.11079875865322
128,282274,POD,1,0.6832516460902996,3,2,-0.0997066515810458,1.07496341243323,1.11079875865322
144,209567,POD,2,0.8241711916154035,0,3,-0.0997066515810458,1.07496341243323,1.11079875865322
145,282274,POD,2,0.7787713768072666,1,2,-0.0997066515810458,1.07496341243323,1.11079875865322
120,282274,POD,2,0.7797206303933414,2,2,-0.0997066515810458,1.07496341243323,1.11079875865322
127,282274,POD,2,0.7310436516250233,3,2,-0.0997066515810458,1.07496341243323,1.11079875865322
147,209567,POD,3,0.7854554396369812,0,3,-0.0997066515810458,1.07496341243323,1.11079875865322
146,282327,POD,3,0.7749600181216858,1,2,-0.0997066515810458,1.07496341243323,1.11079875865322
140,282274,POD,3,0.7592892253713153,2,2,-0.0997066515810458,1.07496341243323,1.11079875865322
142,282274,POD,3,0.7195949056588832,3,2,-0.0997066515810458,1.07496341243323,1.11079875865322
148,282327,POD,4,0.838596702364767,0,2,-0.0997066515810458,1.07496341243323,1.11079875865322
174,282274,POD,4,0.7667211634963457,1,2,-0.0997066515810458,1.07496341243323,1.11079875865322
177,282274,POD,4,0.7593240720377173,2,2,-0.0997066515810458,1.07496341243323,1.11079875865322
141,282274,POD,4,0.7044837958966768,3,2,-0.0997066515810458,1.07496341243323,1.11079875865322
44,545515,SKL,0,0.839296531582675,0,3,0.117140388824162,-0.169566228009489,-0.158759092750167
63,119468,SKL,0,0.8708202009562955,1,5,0.117140388824162,-0.169566228009489,-0.158759092750167
78,119474,SKL,0,0.8605469971399063,2,7,0.117140388824162,-0.169566228009489,-0.158759092750167
92,404471,SKL,0,0.8442381470483249,3,2,0.117140388824162,-0.169566228009489,-0.158759092750167
45,404471,SKL,1,0.8504523221959589,0,2,0.117140388824162,-0.169566228009489,-0.158759092750167
16,120372,SKL,1,0.8349822559789765,1,2,0.117140388824162,-0.169566228009489,-0.158759092750167
79,120372,SKL,1,0.81430463718567,2,2,0.117140388824162,-0.169566228009489,-0.158759092750167
93,120372,SKL,1,0.8114395614020924,3,2,0.117140388824162,-0.169566228009489,-0.158759092750167
46,120372,SKL,2,0.8368286887632247,0,2,0.117140388824162,-0.169566228009489,-0.158759092750167
64,120372,SKL,2,0.857760021964489,1,2,0.117140388824162,-0.169566228009489,-0.158759092750167
80,120372,SKL,2,0.8725446323837389,2,2,0.117140388824162,-0.169566228009489,-0.158759092750167
94,120372,SKL,2,0.8181159838479427,3,2,0.117140388824162,-0.169566228009489,-0.158759092750167
47,120372,SKL,3,0.8119917321640255,0,2,0.117140388824162,-0.169566228009489,-0.158759092750167
65,114112,SKL,3,0.7973223375525212,1,1,0.117140388824162,-0.169566228009489,-0.158759092750167
17,114112,SKL,3,0.7703392630933041,2,1,0.117140388824162,-0.169566228009489,-0.158759092750167
95,114112,SKL,3,0.6948883030705066,3,1,0.117140388824162,-0.169566228009489,-0.158759092750167
48,120372,SKL,4,0.8323052359072121,0,2,0.117140388824162,-0.169566228009489,-0.158759092750167
66,120372,SKL,4,0.8266082461759514,1,2,0.117140388824162,-0.169566228009489,-0.158759092750167
81,114112,SKL,4,0.7828771278836729,2,1,0.117140388824162,-0.169566228009489,-0.158759092750167
96,114112,SKL,4,0.7418641855410587,3,1,0.117140388824162,-0.169566228009489,-0.158759092750167
299,458819,SVI,1,0.7749946339397302,0,0,-0.119460680752389,0.175293071850575,-1.08387643604901
300,458819,SVI,1,0.6841729149483016,1,0,-0.119460680752389,0.175293071850575,-1.08387643604901
301,458830,SVI,1,0.6665458467535555,2,1,-0.119460680752389,0.175293071850575,-1.08387643604901
302,458819,SVI,1,0.733604916095145,3,0,-0.119460680752389,0.175293071850575,-1.08387643604901
303,423636,SVI,2,0.8081456008778681,0,3,-0.119460680752389,0.175293071850575,-1.08387643604901
304,458792,SVI,2,0.7293468603008558,1,0,-0.119460680752389,0.175293071850575,-1.08387643604901
305,458819,SVI,2,0.6130028303481231,2,0,-0.119460680752389,0.175293071850575,-1.08387643604901
306,458819,SVI,2,0.7068585019389033,3,0,-0.119460680752389,0.175293071850575,-1.08387643604901
307,458830,SVI,3,0.7542573983834141,0,1,-0.119460680752389,0.175293071850575,-1.08387643604901
293,458819,SVI,3,0.6698946187836061,1,0,-0.119460680752389,0.175293071850575,-1.08387643604901
294,458819,SVI,3,0.5870500807387536,2,0,-0.119460680752389,0.175293071850575,-1.08387643604901
295,458819,SVI,3,0.7361867976452031,3,0,-0.119460680752389,0.175293071850575,-1.08387643604901
308,458830,SVI,4,0.7501668026034024,0,1,-0.119460680752389,0.175293071850575,-1.08387643604901
296,458830,SVI,4,0.7555140662807792,1,1,-0.119460680752389,0.175293071850575,-1.08387643604901
297,458830,SVI,4,0.6099112121322096,2,1,-0.119460680752389,0.175293071850575,-1.08387643604901
298,458830,SVI,4,0.6616919149553818,3,1,-0.119460680752389,0.175293071850575,-1.08387643604901
102,347790,SVK,0,0.7997773405390686,0,0,0.456870155924881,-0.0347741731268564,-0.428606131500042
54,162843,SVK,0,0.8570179199635348,1,0,0.456870155924881,-0.0347741731268564,-0.428606131500042
105,347790,SVK,0,0.781838833420492,2,0,0.456870155924881,-0.0347741731268564,-0.428606131500042
106,162843,SVK,0,0.8246502922405098,3,0,0.456870155924881,-0.0347741731268564,-0.428606131500042
39,347790,SVK,1,0.9199796996200861,0,0,0.456870155924881,-0.0347741731268564,-0.428606131500042
103,347790,SVK,1,0.9202199524753166,1,0,0.456870155924881,-0.0347741731268564,-0.428606131500042
28,347790,SVK,1,0.9048751171464294,2,0,0.456870155924881,-0.0347741731268564,-0.428606131500042
34,347790,SVK,1,0.8476322187256381,3,0,0.456870155924881,-0.0347741731268564,-0.428606131500042
40,347790,SVK,2,0.7651908395972304,0,0,0.456870155924881,-0.0347741731268564,-0.428606131500042
104,347790,SVK,2,0.8321733047661126,1,0,0.456870155924881,-0.0347741731268564,-0.428606131500042
72,347790,SVK,2,0.7615331781535752,2,0,0.456870155924881,-0.0347741731268564,-0.428606131500042
86,347790,SVK,2,0.7353250111002757,3,0,0.456870155924881,-0.0347741731268564,-0.428606131500042
41,347790,SVK,3,0.8867674678146532,0,0,0.456870155924881,-0.0347741731268564,-0.428606131500042
55,347790,SVK,3,0.86666148939383,1,0,0.456870155924881,-0.0347741731268564,-0.428606131500042
29,347790,SVK,3,0.8483921867146244,2,0,0.456870155924881,-0.0347741731268564,-0.428606131500042
87,114111,SVK,3,0.7372789237200589,3,0,0.456870155924881,-0.0347741731268564,-0.428606131500042
107,162843,SVK,4,0.8431365261567362,0,0,0.456870155924881,-0.0347741731268564,-0.428606131500042
56,347790,SVK,4,0.8582414591538198,1,0,0.456870155924881,-0.0347741731268564,-0.428606131500042
73,347790,SVK,4,0.819989915882154,2,0,0.456870155924881,-0.0347741731268564,-0.428606131500042
88,347790,SVK,4,0.7832902745088212,3,0,0.456870155924881,-0.0347741731268564,-0.428606131500042
22,120372,VCL,0,0.8906473686842514,0,2,-0.108918644684699,-0.148712907441839,1.115340573586
57,404471,VCL,0,0.9601919755282271,1,2,-0.108918644684699,-0.148712907441839,1.115340573586
30,404471,VCL,0,0.8836575834386539,2,2,-0.108918644684699,-0.148712907441839,1.115340573586
89,120372,VCL,0,0.860149328868987,3,2,-0.108918644684699,-0.148712907441839,1.115340573586
23,120372,VCL,1,0.8711493030753361,0,2,-0.108918644684699,-0.148712907441839,1.115340573586
26,120372,VCL,1,0.9015065535776683,1,2,-0.108918644684699,-0.148712907441839,1.115340573586
31,120372,VCL,1,0.8353026193627667,2,2,-0.108918644684699,-0.148712907441839,1.115340573586
35,120372,VCL,1,0.8509876196170275,3,2,-0.108918644684699,-0.148712907441839,1.115340573586
42,120372,VCL,2,0.7955403222453196,0,2,-0.108918644684699,-0.148712907441839,1.115340573586
58,120372,VCL,2,0.8343541895096533,1,2,-0.108918644684699,-0.148712907441839,1.115340573586
74,120372,VCL,2,0.8061996392320007,2,2,-0.108918644684699,-0.148712907441839,1.115340573586
36,114112,VCL,2,0.8270740587882344,3,1,-0.108918644684699,-0.148712907441839,1.115340573586
24,120372,VCL,3,0.8439395960323322,0,2,-0.108918644684699,-0.148712907441839,1.115340573586
27,404471,VCL,3,0.8876143812270657,1,2,-0.108918644684699,-0.148712907441839,1.115340573586
32,120372,VCL,3,0.8264716227567945,2,2,-0.108918644684699,-0.148712907441839,1.115340573586
37,120372,VCL,3,0.825110462006337,3,2,-0.108918644684699,-0.148712907441839,1.115340573586
25,120372,VCL,4,0.8311681762534342,0,2,-0.108918644684699,-0.148712907441839,1.115340573586
59,404471,VCL,4,0.8679953974417767,1,2,-0.108918644684699,-0.148712907441839,1.115340573586
33,404471,VCL,4,0.8423878750572332,2,2,-0.108918644684699,-0.148712907441839,1.115340573586
38,404471,VCL,4,0.8384240305393587,3,2,-0.108918644684699,-0.148712907441839,1.115340573586
1,423645,ZUB,0,0.9357767888991867,0,2,0.736118218232125,-0.353964590643201,-0.495495256483495
6,423645,ZUB,0,0.8910306702467357,1,2,0.736118218232125,-0.353964590643201,-0.495495256483495
11,423645,ZUB,0,0.8762291011143185,2,2,0.736118218232125,-0.353964590643201,-0.495495256483495
2,423645,ZUB,1,0.9464620200500228,0,2,0.736118218232125,-0.353964590643201,-0.495495256483495
7,423645,ZUB,1,0.8870730983982129,1,2,0.736118218232125,-0.353964590643201,-0.495495256483495
12,423645,ZUB,1,0.9153606140490211,2,2,0.736118218232125,-0.353964590643201,-0.495495256483495
3,423645,ZUB,2,0.9574085001131689,0,2,0.736118218232125,-0.353964590643201,-0.495495256483495
8,423645,ZUB,2,0.9044998579804274,1,2,0.736118218232125,-0.353964590643201,-0.495495256483495
13,423645,ZUB,2,0.8566569962783945,2,2,0.736118218232125,-0.353964590643201,-0.495495256483495
4,423645,ZUB,3,0.9683146377198437,0,2,0.736118218232125,-0.353964590643201,-0.495495256483495
9,423645,ZUB,3,0.9159945350148955,1,2,0.736118218232125,-0.353964590643201,-0.495495256483495
14,423645,ZUB,3,0.8846502235858588,2,2,0.736118218232125,-0.353964590643201,-0.495495256483495
5,423645,ZUB,4,0.9545770157874707,0,2,0.736118218232125,-0.353964590643201,-0.495495256483495
10,423645,ZUB,4,0.9168348385509607,1,2,0.736118218232125,-0.353964590643201,-0.495495256483495
15,423645,ZUB,4,0.9042966217348267,2,2,0.736118218232125,-0.353964590643201,-0.495495256483495
